slug,canonicalName,postId,articleUrl
3oh-3,3OH!3,8049342004393252062,https://www.electriceyerock.com/2026/08/3oh3-capital-one-city-parks-foundation.html
400-unit,400 Unit,5859020093155455039,https://www.electriceyerock.com/2024/01/electric-eye-album-of-2023-is.html
400-unit,400 Unit,8433241463329456956,https://www.electriceyerock.com/2023/12/december-22nd-2023-best-of-2023.html
400-unit,400 Unit,2105752811883520226,https://www.electriceyerock.com/2023/06/pre-save-jason-isbell-and-400-units-new.html
400-unit,400 Unit,7707502538872216629,https://www.electriceyerock.com/2023/03/listen-to-jason-isbell-and-400-units.html
400-unit,400 Unit,5617990215002944211,https://www.electriceyerock.com/2017/11/jason-isbell-400-unit-cafe-de-la-danse.html
49-winchester,49 Winchester,6365286052928995948,https://www.electriceyerock.com/2023/10/49-winchester-la-cigale-paris-october.html
69-eyes,69 Eyes,2814202681200089031,https://www.electriceyerock.com/2026/01/d-d-le-forum-vaureal-january-22nd-2026.html
69-eyes,69 Eyes,6394739955945457237,https://www.electriceyerock.com/2026/01/the-69-eyes-le-forum-vaureal-january.html
69-eyes,69 Eyes,294511058484276747,https://www.electriceyerock.com/2025/08/d-d-to-return-to-paris-area-in-new-year.html
a-ha,A-Ha,1380211764682900128,https://www.electriceyerock.com/2025/06/a-ha-frontman-morten-harket-reveals.html
a-ha,A-Ha,8051018447501217665,https://www.electriceyerock.com/2022/05/a-ha-le-zenith-paris-may-7th-2022.html
a-perfect-circle,A Perfect Circle,504008094814492626,https://www.electriceyerock.com/2026/06/a-perfect-circle-hellfest-clisson-june.html
a-place-to-bury-strangers,A Place To Bury Strangers,1344115650770811268,https://www.electriceyerock.com/2026/03/new-place-to-bury-strangers-single-and.html
a-place-to-bury-strangers,A Place To Bury Strangers,7900475818871454508,https://www.electriceyerock.com/2025/04/a-place-to-bury-strangers-trabendo.html
abbath,Abbath,6356534180630724918,https://www.electriceyerock.com/2026/04/hypocrisy-la-machine-du-moulin-rouge.html
abbath,Abbath,6288040060233094991,https://www.electriceyerock.com/2026/04/abbath-la-machine-du-moulin-rouge-paris.html
abbath,Abbath,1296251141646051149,https://www.electriceyerock.com/2026/04/vomitory-la-machine-du-moulin-rouge.html
abbath,Abbath,5084575298048159186,https://www.electriceyerock.com/2025/10/hypocrisy-abbath-vomitory-and-vreid.html
abbath,Abbath,2892515347434524677,https://www.electriceyerock.com/2024/01/abbath-trabendo-paris-january-19th-2024.html
abel-selaocoe,Abel Selaocoe,8993843551134743605,https://www.electriceyerock.com/2025/02/album-review-abel-selaocoe-hymns-of.html
absu,Absu,8697992859196451400,https://www.electriceyerock.com/2025/12/absu-30-years-of-sun-of-tiphareth.html
absu,Absu,6377247503591080765,https://www.electriceyerock.com/2025/12/absu-backstage-by-mill-paris-december.html
absu,Absu,1163451702371373593,https://www.electriceyerock.com/2025/09/absu-on-tour-to-celebrate-30-years-of.html
ac-dc,AC/DC,955945727115433257,https://www.electriceyerock.com/2026/08/ex-acdc-drummer-chris-slade-retires.html
ac-dc,AC/DC,91026945985306052,https://www.electriceyerock.com/2025/02/acdc-ignite-2025-power-up-tour-set-to.html
ac-dc,AC/DC,6497565409520901826,https://www.electriceyerock.com/2024/02/its-official-acdc-to-embark-on-power-up.html
ac-dc,AC/DC,4118768196966209790,https://www.electriceyerock.com/2023/09/acdc-announce-new-drummer.html
ac-dc,AC/DC,3324405098402552528,https://www.electriceyerock.com/2023/03/epic-festival-line-up-confirmed-for.html
ac-dc,AC/DC,1856266487691344792,https://www.electriceyerock.com/2023/03/metallica-iron-maiden-and-ozzy-osbourne.html
ac-dc,AC/DC,146942856826664863,https://www.electriceyerock.com/2020/11/acdc-power-up.html
ac-dc,AC/DC,7246169822937525098,https://www.electriceyerock.com/2016/05/acdc-feat-axl-rose-stade-velodrome.html
ac-dc,AC/DC,1342756235464456825,https://www.electriceyerock.com/2015/05/acdc-stade-de-france-st-denis-may-26.html
ac-dc,AC/DC,5856958886926760162,https://www.electriceyerock.com/2015/05/acdc-stade-de-france-st-denis-may-23.html
accept,Accept,1697396270389337919,https://www.electriceyerock.com/2026/06/accept-hellfest-clisson-june-19th-2026.html
ace-frehley,Ace Frehley,6291159384653057429,https://www.electriceyerock.com/2025/10/fridays-playlist-rip-space-ace.html
ace-frehley,Ace Frehley,2494346226766657549,https://www.electriceyerock.com/2025/10/rip-ace-frehley.html
ace-frehley,Ace Frehley,7180087792671001497,https://www.electriceyerock.com/2018/08/ace-frehley-greek-theatre-los-angeles.html
acid-bath,Acid Bath,7350401896256087661,https://www.electriceyerock.com/2026/06/acid-bath-hellfest-clisson-june-21st.html
adam-bomb,Adam Bomb,6924307365258521008,https://www.electriceyerock.com/2026/07/adam-bomb-la-dame-de-canton-paris-july.html
adam-bomb,Adam Bomb,6680970813435794446,https://www.electriceyerock.com/2026/07/pink-balls-sister-la-dame-de-canton.html
afterdrive,Afterdrive,7136066562633639877,https://www.electriceyerock.com/2026/04/afterdrive-alhambra-paris-april-24th.html
agnostic-front,Agnostic Front,9223116376581303395,https://www.electriceyerock.com/2026/06/agnostic-front-hellfest-clisson-june.html
agnostic-front,Agnostic Front,6130280076053970627,https://www.electriceyerock.com/2026/02/agnostic-front-conversation-with-roger.html
agnostic-front,Agnostic Front,6311401349434781429,https://www.electriceyerock.com/2026/02/agnostic-front-le-forum-vaureal.html
agnostic-front,Agnostic Front,4902827288473666526,https://www.electriceyerock.com/2026/02/wisdom-in-chains-le-forum-vaureal.html
agnostic-front,Agnostic Front,6160538889638990107,https://www.electriceyerock.com/2025/10/agnostic-front-to-deliver-shot-of-nyhc.html
ags-connolly,Ags Connolly,4829557397817616787,https://www.electriceyerock.com/2023/09/ags-connolly-cafe-de-la-danse-paris.html
alain-johannes,Alain Johannes,265859208258670772,https://www.electriceyerock.com/2026/07/drink-sea-share-first-singles-from.html
alain-johannes,Alain Johannes,8939782231759089065,https://www.electriceyerock.com/2026/06/alt-rock-supergroup-drink-sea-announce.html
alain-johannes,Alain Johannes,5273758839537954875,https://www.electriceyerock.com/2025/12/drink-sea-la-maroquinerie-paris.html
alain-johannes,Alain Johannes,627495749006323358,https://www.electriceyerock.com/2025/12/a-conversation-with-drink-sea.html
alain-johannes,Alain Johannes,7950534504082306041,https://www.electriceyerock.com/2025/11/alain-johannes-supersonic-records-paris.html
alain-johannes,Alain Johannes,6334822891227587739,https://www.electriceyerock.com/2025/09/a-double-dose-of-alain-johannes-in.html
alberta-cross,Alberta Cross,1251387722955394760,https://www.electriceyerock.com/2025/03/alberta-cross-alhambra-paris-march-30th.html
album-review,Album Review,617211008258441786,https://www.electriceyerock.com/2026/08/album-review-rhiannon-giddens-hope-is.html
album-review,Album Review,1354673036229952316,https://www.electriceyerock.com/2026/03/album-review-bireli-lagrene-elegant.html
album-review,Album Review,6823056972002277299,https://www.electriceyerock.com/2026/03/album-review-black-crowes-pound-of.html
album-review,Album Review,8875210586288810942,https://www.electriceyerock.com/2026/01/album-review-sheepdogs-keep-out-of-storm.html
album-review,Album Review,475473061760068991,https://www.electriceyerock.com/2026/01/album-review-kreator-krushers-of-world.html
album-review,Album Review,1192519423230597107,https://www.electriceyerock.com/2026/01/album-review-megadeth-megadeth.html
album-review,Album Review,2600498605111547283,https://www.electriceyerock.com/2026/01/album-review-alter-bridge-alter-bridge.html
album-review,Album Review,5255476385710422223,https://www.electriceyerock.com/2025/07/album-review-alice-cooper-revenge-of.html
album-review,Album Review,1466312016265681285,https://www.electriceyerock.com/2025/06/album-review-neil-young-and-chrome.html
album-review,Album Review,6084571805660090427,https://www.electriceyerock.com/2025/06/album-review-pulp-more.html
album-review,Album Review,11941408085034839,https://www.electriceyerock.com/2025/06/album-review-garbage-let-all-that-we.html
album-review,Album Review,7694146401260249927,https://www.electriceyerock.com/2025/05/album-review-taj-mahal-keb-mo-room-on.html
album-review,Album Review,4450861304364711389,https://www.electriceyerock.com/2025/05/album-review-sparks-mad.html
album-review,Album Review,5966631711946966036,https://www.electriceyerock.com/2025/04/album-review-ghost-skeleta.html
album-review,Album Review,5221759904557253190,https://www.electriceyerock.com/2025/04/album-review-sunflower-bean-mortal.html
album-review,Album Review,7083155018759266740,https://www.electriceyerock.com/2025/04/album-review-stereophonics-make-em.html
album-review,Album Review,5273834267936019377,https://www.electriceyerock.com/2025/04/album-review-bootsy-collins-album-of.html
album-review,Album Review,3087016823383713061,https://www.electriceyerock.com/2025/04/album-review-elton-john-brandi-carlile.html
album-review,Album Review,8796237749218271191,https://www.electriceyerock.com/2025/04/album-review-waterboys-life-death-and.html
album-review,Album Review,7233196369311677074,https://www.electriceyerock.com/2025/04/album-review-liv-kristine-amor-vincit.html
album-review,Album Review,1619567883905031094,https://www.electriceyerock.com/2025/04/album-review-rhiannon-giddens-justin.html
album-review,Album Review,3381412169032639041,https://www.electriceyerock.com/2025/04/album-review-smithkotzen-black.html
album-review,Album Review,1039600982263083677,https://www.electriceyerock.com/2025/03/album-review-lady-gaga-mayhem.html
album-review,Album Review,4328091543971761949,https://www.electriceyerock.com/2025/03/album-review-jason-isbell-foxes-in-snow.html
album-review,Album Review,7668025732610243377,https://www.electriceyerock.com/2025/01/album-review-andy-bell-pinball-wanderer.html
album-review,Album Review,8067870399593081496,https://www.electriceyerock.com/2025/02/album-review-avantasia-here-be-dragons.html
album-review,Album Review,8993843551134743605,https://www.electriceyerock.com/2025/02/album-review-abel-selaocoe-hymns-of.html
album-review,Album Review,6821140633058525227,https://www.electriceyerock.com/2025/02/album-review-q-lazzarus-many-lives-of-q.html
album-review,Album Review,8865038531674252208,https://www.electriceyerock.com/2025/02/album-review-altons-heartache-in-room-14.html
album-review,Album Review,4605552941596605267,https://www.electriceyerock.com/2025/02/album-review-heartworms-glutton-for.html
album-review,Album Review,3174389731558325497,https://www.electriceyerock.com/2025/02/album-review-dream-theater-parasomnia.html
album-review,Album Review,4876297327924346160,https://www.electriceyerock.com/2025/02/album-review-jinjer-duel.html
album-review,Album Review,1350193846040158945,https://www.electriceyerock.com/2025/01/album-review-weeknd-hurry-up-tomorrow.html
album-review,Album Review,7761862703319236004,https://www.electriceyerock.com/2025/01/album-review-hellacopters-overdriver.html
album-review,Album Review,5968962804904948573,https://www.electriceyerock.com/2025/01/album-review-teddy-swims-ive-tried.html
album-review,Album Review,4933254026652259376,https://www.electriceyerock.com/2025/01/album-review-mogwai-bad-fire.html
album-review,Album Review,3383413106058832702,https://www.electriceyerock.com/2025/01/album-review-cymande-renascence.html
album-review,Album Review,509511554275907600,https://www.electriceyerock.com/2025/01/album-review-residents-doctor-dark.html
album-review,Album Review,3901524841435204190,https://www.electriceyerock.com/2025/01/album-review-clipping-dead-channel-sky.html
album-review,Album Review,1201090328962837744,https://www.electriceyerock.com/2025/01/album-review-ebba-asman-when-you-know.html
album-review,Album Review,6110362185132413252,https://www.electriceyerock.com/2025/01/album-review-larkin-poe-bloom.html
album-review,Album Review,6409269926824189105,https://www.electriceyerock.com/2025/01/album-review-tokyo-blade-time-is-fire.html
album-review,Album Review,8268238552336314681,https://www.electriceyerock.com/2025/01/album-review-parchment-prison-prayer.html
album-review,Album Review,7945373347917762117,https://www.electriceyerock.com/2025/01/album-review-tremonti-end-will-show-us.html
album-review,Album Review,2879519085534176253,https://www.electriceyerock.com/2025/01/album-review-franz-ferdinand-human-fear.html
album-review,Album Review,313127878301500762,https://www.electriceyerock.com/2025/01/album-review-ringo-starr-look-up.html
album-review,Album Review,6319825604469575302,https://www.electriceyerock.com/2025/01/album-review-ethel-cain-perverts.html
album-review,Album Review,8651833606385881831,https://www.electriceyerock.com/2022/09/ozzy-osbourne-patient-number-nine.html
album-review,Album Review,782501086093240448,https://www.electriceyerock.com/2021/09/album-review-iron-maiden-senjutsu.html
album-review,Album Review,146942856826664863,https://www.electriceyerock.com/2020/11/acdc-power-up.html
album-review,Album Review,4735043238607415439,https://www.electriceyerock.com/2019/06/album-review-hollywood-vampires-rise.html
album-review,Album Review,3589524876679899748,https://www.electriceyerock.com/2019/06/album-review-keb-mo-oklahoma.html
album-review,Album Review,7989250609829182065,https://www.electriceyerock.com/2019/06/album-review-bruce-springsteen-western.html
album-review,Album Review,2958407368482379540,https://www.electriceyerock.com/2019/06/album-review-duff-mckagan-tenderness.html
album-review,Album Review,4118084166758775297,https://www.electriceyerock.com/2019/06/album-review-pinky-pinky-turkey-dinner.html
album-review,Album Review,7601677727177867776,https://www.electriceyerock.com/2019/05/album-review-waterboys-where-action-is.html
album-review,Album Review,6694588705687969107,https://www.electriceyerock.com/2019/05/album-review-straycats-40.html
album-review,Album Review,7795491402012668946,https://www.electriceyerock.com/2019/05/album-review-mavis-staples-we-get-by.html
album-review,Album Review,2948778618798242372,https://www.electriceyerock.com/2019/05/album-review-nick-lowe-love.html
album-review,Album Review,3017075242384995187,https://www.electriceyerock.com/2019/05/album-review-rammstein-rammstein.html
album-review,Album Review,324808581691033890,https://www.electriceyerock.com/2019/05/album-review-jimmie-vaughan-baby-please.html
album-review,Album Review,4258010137263665439,https://www.electriceyerock.com/2019/05/album-review-saint-vitus-saint-vitus.html
album-review,Album Review,3145649186410457460,https://www.electriceyerock.com/2019/05/album-review-sammy-hagar-circle-space.html
album-review,Album Review,1774357647680434185,https://www.electriceyerock.com/2019/05/album-review-little-steven-disciples-of.html
album-review,Album Review,1515779563452975004,https://www.electriceyerock.com/2019/05/sunn-o-has-always-tried-limits-of.html
album-review,Album Review,3547654057648432326,https://www.electriceyerock.com/2019/05/album-review-wildhearts-renaissance-men.html
album-review,Album Review,3650360871563364505,https://www.electriceyerock.com/2019/05/album-review-whitesnake-flesh-blood.html
album-review,Album Review,2054526754247317188,https://www.electriceyerock.com/2019/04/album-review-bad-religion-age-of.html
album-review,Album Review,7949244520803817669,https://www.electriceyerock.com/2019/04/album-review-trixie-whitley-lacuna.html
album-review,Album Review,417414423975896245,https://www.electriceyerock.com/2019/04/album-review-quireboys-amazing-disgrace.html
album-review,Album Review,8320737288114921358,https://www.electriceyerock.com/2019/04/album-review-sigur-ros-22-lunar-halo.html
album-review,Album Review,1181867464972508488,https://www.electriceyerock.com/2019/04/album-review-bruce-hornsby-absolute-zero.html
album-review,Album Review,5704849304192694541,https://www.electriceyerock.com/2019/04/album-review-t-bone-burnett-jay.html
album-review,Album Review,3428096679934966201,https://www.electriceyerock.com/2019/04/album-review-lee-fields-expressions-it.html
album-review,Album Review,6695241616470365112,https://www.electriceyerock.com/2019/04/album-review-burning-rain-face-music.html
album-review,Album Review,8665536615605938893,https://www.electriceyerock.com/2019/03/album-review-ty-segall-freedom-band.html
album-review,Album Review,2242047459592231801,https://www.electriceyerock.com/2019/03/album-review-marvin-gaye-youre-man.html
album-review,Album Review,8874630881333853402,https://www.electriceyerock.com/2019/03/album-review-manowar-final-battle-i.html
album-review,Album Review,7723430518935390188,https://www.electriceyerock.com/2019/03/album-review-devin-townsend-empath.html
album-review,Album Review,8321185556870236789,https://www.electriceyerock.com/2019/03/album-review-yngwie-malmsteen-blue.html
album-review,Album Review,115981162903436435,https://www.electriceyerock.com/2019/03/album-review-billie-eilish-when-we-fall.html
album-review,Album Review,6538495519516450780,https://www.electriceyerock.com/2019/03/l.html
album-review,Album Review,3412734612401199469,https://www.electriceyerock.com/2019/03/album-review-robin-trower-coming-closer.html
album-review,Album Review,6237841168689306416,https://www.electriceyerock.com/2019/03/album-review-zeal-ardor-live-in-london.html
album-review,Album Review,7425591982352858220,https://www.electriceyerock.com/2019/03/wait-what-year-is-this-ex-hex-are-three.html
album-review,Album Review,871134586309669385,https://www.electriceyerock.com/2019/03/album-review-these-new-puritans-inside.html
album-review,Album Review,4294605883112371763,https://www.electriceyerock.com/2019/03/karen-o-danger-mouse-lux-prima.html
album-review,Album Review,7172630870315073451,https://www.electriceyerock.com/2019/03/francis-rossi-hannah-rickard-we-talk.html
album-review,Album Review,504148165823643927,https://www.electriceyerock.com/2019/03/album-review-cinematic-orchestra-to.html
album-review,Album Review,6559716912368083637,https://www.electriceyerock.com/2019/03/album-review-durand-jones-indications.html
album-review,Album Review,5568433109304056152,https://www.electriceyerock.com/2019/03/album-review-foals-part-1-everything.html
album-review,Album Review,1263376807180641527,https://www.electriceyerock.com/2019/03/album-review-royal-trux-white-stuff.html
album-review,Album Review,5297951727530854608,https://www.electriceyerock.com/2019/03/album-review-dido-still-on-my-mind.html
album-review,Album Review,6915152876732115589,https://www.electriceyerock.com/2019/03/album-review-children-of-bodom-hexed.html
album-review,Album Review,7386175556759659660,https://www.electriceyerock.com/2019/03/album-review-patty-griffin-patty-griffin.html
album-review,Album Review,459032011400883919,https://www.electriceyerock.com/2019/03/album-review-maren-morris-girl.html
album-review,Album Review,8495010016527463374,https://www.electriceyerock.com/2019/03/album-review-tesla-shock.html
album-review,Album Review,3913425854596095923,https://www.electriceyerock.com/2019/03/album-review-delicate-steve-til-i-burn.html
album-review,Album Review,688952250604175832,https://www.electriceyerock.com/2019/03/album-review-last-in-line-ii.html
album-review,Album Review,8636462224121425009,https://www.electriceyerock.com/2019/03/album-review-weezer-weezer-black.html
album-review,Album Review,5918152172675057784,https://www.electriceyerock.com/2019/03/album-review-backyard-babies-sliver-and.html
album-review,Album Review,6436184456409227078,https://www.electriceyerock.com/2019/03/album-review-hozier-wasteland-baby.html
album-review,Album Review,4519052141104891457,https://www.electriceyerock.com/2019/03/album-review-bryan-adams-shine-light.html
album-review,Album Review,4475232726205874512,https://www.electriceyerock.com/2019/03/album-review-dream-theater-distance.html
album-review,Album Review,2179480178320191860,https://www.electriceyerock.com/2019/02/album-review-our-native-daughters-songs.html
album-review,Album Review,722232391792229874,https://www.electriceyerock.com/2019/02/album-review-rival-sons-feral-roots.html
album-review,Album Review,6688035926209359646,https://www.electriceyerock.com/2019/02/album-review-walter-trout-survivor-blues.html
album-review,Album Review,5128743199854758234,https://www.electriceyerock.com/2019/02/album-review-candlemass-door-to-doom.html
album-review,Album Review,1837139612629277447,https://www.electriceyerock.com/2019/02/album-review-john-mayall-nobody-told-me.html
album-review,Album Review,7390732804381055823,https://www.electriceyerock.com/2019/02/album-review-claypoollennon-delirium.html
album-review,Album Review,6600157390408490823,https://www.electriceyerock.com/2019/02/album-review-ork-ramagehead.html
album-review,Album Review,4028884412349133838,https://www.electriceyerock.com/2019/02/album-review-gary-clark-jr-signs.html
album-review,Album Review,3475658369409330452,https://www.electriceyerock.com/2019/02/album-review-tedeschi-trucks-band-signs.html
alice-cooper,Alice Cooper,473711683572999826,https://www.electriceyerock.com/2026/08/hollywood-vampires-adidas-arena-paris.html
alice-cooper,Alice Cooper,8058070843325432654,https://www.electriceyerock.com/2026/06/alice-cooper-hellfest-clisson-june-18th.html
alice-cooper,Alice Cooper,2251548094099727704,https://www.electriceyerock.com/2026/03/new-alice-cooper-autobiography-due-out.html
alice-cooper,Alice Cooper,5671204747723809730,https://www.electriceyerock.com/2026/01/the-hollywood-vampires-return-to-paris.html
alice-cooper,Alice Cooper,5255476385710422223,https://www.electriceyerock.com/2025/07/album-review-alice-cooper-revenge-of.html
alice-cooper,Alice Cooper,7731741071475149900,https://www.electriceyerock.com/2025/04/original-alice-cooper-band-reunites-for.html
alice-cooper,Alice Cooper,6040232709582738800,https://www.electriceyerock.com/2024/11/orianthi-to-fill-in-for-nita-strauss-in.html
alice-cooper,Alice Cooper,4421320008573648684,https://www.electriceyerock.com/2024/10/alice-cooper-zenith-paris-october-2nd.html
alice-cooper,Alice Cooper,1092720167472718644,https://www.electriceyerock.com/2024/03/watch-trailer-for-upcoming-hollywood.html
alice-cooper,Alice Cooper,9108979086485108668,https://www.electriceyerock.com/2023/11/massive-official-alice-cooper-book-to.html
alice-cooper,Alice Cooper,2911754013865454367,https://www.electriceyerock.com/2023/08/listen-to-alice-coopers-new-album-road.html
alice-cooper,Alice Cooper,1141613613739830239,https://www.electriceyerock.com/2023/06/backstage-with-hollywood-vampires.html
alice-cooper,Alice Cooper,5801624021027322977,https://www.electriceyerock.com/2023/06/hollywood-vampires-zenith-paris-june.html
alice-cooper,Alice Cooper,7255748276081416034,https://www.electriceyerock.com/2023/06/alice-cooper-to-release-new-album-on.html
alice-cooper,Alice Cooper,8678529738487489982,https://www.electriceyerock.com/2023/06/listen-to-new-hollywood-vampires-live.html
alice-cooper,Alice Cooper,8827582071823191852,https://www.electriceyerock.com/2023/03/listen-to-winner-takes-all-nita-strauss.html
alice-cooper,Alice Cooper,3322834005198975899,https://www.electriceyerock.com/2023/03/listen-to-new-hollywood-vampires-single.html
alice-cooper,Alice Cooper,4632192447619681790,https://www.electriceyerock.com/2020/09/fridays-playlist-mixing-desk-hero-bob.html
alice-cooper,Alice Cooper,1836146200851918953,https://www.electriceyerock.com/2019/10/friday-thursdays-playlist-happy.html
alice-cooper,Alice Cooper,6840481356925569921,https://www.electriceyerock.com/2019/09/alice-cooper-la-seine-musicale-boulogne.html
alice-cooper,Alice Cooper,4735043238607415439,https://www.electriceyerock.com/2019/06/album-review-hollywood-vampires-rise.html
alice-cooper,Alice Cooper,7549708975977909650,https://www.electriceyerock.com/2018/08/alice-cooper-greek-theater-los-angeles.html
alice-cooper,Alice Cooper,3267356194098094593,https://www.electriceyerock.com/2017/12/alice-cooper-olympia-paris-december-7th.html
alice-cooper,Alice Cooper,956968394353413210,https://www.electriceyerock.com/2017/12/alice-cooper-salle-pleyel-paris.html
alice-cooper,Alice Cooper,2669427691178328163,https://www.electriceyerock.com/2017/12/the-alice-cooper-band-pre-show-party-la.html
alice-cooper,Alice Cooper,341873997760119461,https://www.electriceyerock.com/2017/11/alice-cooper-sse-arena-wembley-london.html
alicia-witt,Alicia Witt,7419637610516942612,https://www.electriceyerock.com/2026/08/alicia-witt-mixtape-paris-august-25th.html
alien-weaponry,Alien Weaponry,9036691935387243159,https://www.electriceyerock.com/2026/03/alien-weaponry-le-zenith-paris-march.html
ally-venable,Ally Venable,6427816285543055245,https://www.electriceyerock.com/2025/01/ally-venable-announces-new-album-power.html
ally-venable,Ally Venable,3965101811813495580,https://www.electriceyerock.com/2024/02/bernard-allison-new-morning-paris.html
ally-venable,Ally Venable,638494415631104075,https://www.electriceyerock.com/2024/02/ally-venable-new-morning-paris-february.html
alt-j,Alt-J,2648051882616256282,https://www.electriceyerock.com/2022/11/alt-j-zenith-paris-november-22nd-2022.html
alter-bridge,Alter Bridge,2600498605111547283,https://www.electriceyerock.com/2026/01/album-review-alter-bridge-alter-bridge.html
alter-bridge,Alter Bridge,6775418660175033881,https://www.electriceyerock.com/2025/10/listen-to-new-alter-bridge-single-here.html
alter-bridge,Alter Bridge,5254228064517716682,https://www.electriceyerock.com/2025/07/alter-bridge-returns-to-paris-in-new.html
alter-bridge,Alter Bridge,3977462189974100497,https://www.electriceyerock.com/2025/02/tremonti-alhambra-paris-february-16th.html
alter-bridge,Alter Bridge,7945373347917762117,https://www.electriceyerock.com/2025/01/album-review-tremonti-end-will-show-us.html
alter-bridge,Alter Bridge,9117204615076826719,https://www.electriceyerock.com/2022/11/alter-bridge-palais-des-sports-paris.html
altitudes-and-attitude,Altitudes and Attitude,3151877880360696201,https://www.electriceyerock.com/2019/02/altitudes-and-attitude-le-zenith-paris.html
altons,Altons,8865038531674252208,https://www.electriceyerock.com/2025/02/album-review-altons-heartache-in-room-14.html
ambrose-akinmusire,Ambrose Akinmusire,7229429368237563010,https://www.electriceyerock.com/2015/02/ambrose-akinmusire-quintet-maison-des.html
amy-macdonald,Amy MacDonald,2719861753096998824,https://www.electriceyerock.com/2019/03/amy-macdonald-elysee-montmartre-paris.html
ancient,Ancient,1076562955191747802,https://www.electriceyerock.com/2025/12/ancient-backstage-by-mill-paris.html
ancient,Ancient,1163451702371373593,https://www.electriceyerock.com/2025/09/absu-on-tour-to-celebrate-30-years-of.html
and-you-will-know-us-by-the-trail-of-dead,...And You Will Know Us By The Trail Of Dead,5360407954457463889,https://www.electriceyerock.com/2019/02/5-questions-with-autry-fulbright-ii-of.html
and-you-will-know-us-by-the-trail-of-dead,...And You Will Know Us By The Trail Of Dead,3827561989088036957,https://www.electriceyerock.com/2019/01/and-you-will-know-us-by-trail-of-dead.html
andy-bell,Andy Bell,7668025732610243377,https://www.electriceyerock.com/2025/01/album-review-andy-bell-pinball-wanderer.html
andy-bell,Andy Bell,4963568173953223428,https://www.electriceyerock.com/2022/12/ride-elyee-montmartre-paris-december.html
andy-cairns,Andy Cairns,2303056862064571504,https://www.electriceyerock.com/2019/02/andy-cairns-from-therapy-checks-in.html
andy-fairweather-low-and-the-low-riders,Andy Fairweather-Low and the Low Riders,4049128371056553853,https://www.electriceyerock.com/2025/05/andy-fairweather-low-and-low-riders.html
angelmaker,Angelmaker,7869594705740165930,https://www.electriceyerock.com/2025/03/angelmaker-glazart-paris-march-7th-2025.html
anneke-van-giersbergen,Anneke van Giersbergen,1752640752784708831,https://www.electriceyerock.com/2025/10/the-gathering-to-celebrate-30-years-of.html
anneke-van-giersbergen,Anneke van Giersbergen,5029540645157597784,https://www.electriceyerock.com/2022/04/anneke-van-giersbergen-petit-bain-paris.html
anneke-van-giersbergen,Anneke van Giersbergen,7603058730809808427,https://www.electriceyerock.com/2015/04/the-gentle-storl-divan-du-monde-paris.html
anneke-van-giersbergen,Anneke van Giersbergen,208785750481655776,https://www.electriceyerock.com/2014/12/next-up-sirens-divan-du-monde.html
answer,Answer,823556450315626350,https://www.electriceyerock.com/2023/03/listen-to-answers-new-album-here.html
answer,Answer,7809556906697230119,https://www.electriceyerock.com/2016/12/the-answer-le-trabendo-paris-december.html
anthrax,Anthrax,5964845062172455760,https://www.electriceyerock.com/2026/08/check-out-new-anthrax-video-here.html
anthrax,Anthrax,102355838428625003,https://www.electriceyerock.com/2026/06/anthrax-hellfest-clisson-june-20th-2026.html
anthrax,Anthrax,8954351345472617291,https://www.electriceyerock.com/2024/01/anthrax-kreator-and-testament-join.html
anthrax,Anthrax,3151877880360696201,https://www.electriceyerock.com/2019/02/altitudes-and-attitude-le-zenith-paris.html
anthrax,Anthrax,8514374804181020959,https://www.electriceyerock.com/2017/03/anthrax-elysee-montmartre-paris-march.html
arch-enemy,Arch Enemy,5715497009923216987,https://www.electriceyerock.com/2026/02/arch-enemy-announces-new-singer-and.html
arch-enemy,Arch Enemy,2767284568222288723,https://www.electriceyerock.com/2025/11/arch-enemy-parts-ways-with-singer.html
arch-enemy,Arch Enemy,7987797261744289050,https://www.electriceyerock.com/2024/11/arch-enemy-announces-european-tour.html
arch-enemy,Arch Enemy,6170815793231485177,https://www.electriceyerock.com/2024/10/arch-enemy-zenith-paris-october-8th-2024.html
ariel-pink,Ariel Pink,8092554799868897068,https://www.electriceyerock.com/2015/03/ariel-pink-trabendo-paris-march-2nd-2015.html
asgeir,Asgeir,7792660971598158514,https://www.electriceyerock.com/2025/09/asgeir-casino-de-paris-september-28th.html
asgeir,Asgeir,3779283743162007798,https://www.electriceyerock.com/2025/09/eivr-returns-to-paris-with-asgeir.html
ash,Ash,1535403539868523599,https://www.electriceyerock.com/2025/10/ash-share-video-for-ad-astra-feat.html
ash,Ash,6173788947905613410,https://www.electriceyerock.com/2023/12/ash-petit-bain-paris-december-11th-2023.html
attic,Attic,79240955651498036,https://www.electriceyerock.com/2024/02/attic-petit-bain-paris-february-16th.html
attila-csihar,Attila Csihar,4824964011678406265,https://www.electriceyerock.com/2025/11/attila-csihar-iggor-cavalera-mains.html
attila-csihar,Attila Csihar,2702510854733369571,https://www.electriceyerock.com/2025/07/attila-csihar-and-iggor-cavalera-team.html
attila-csihar,Attila Csihar,3345923602393911710,https://www.electriceyerock.com/2024/12/mayhem-bataclan-paris-december-4th-2024.html
audrey-hobert,Audrey Hobert,6448647177496316400,https://www.electriceyerock.com/2026/03/audrey-hobert-le-trianon-paris-march.html
audrey-mcgraw,Audrey McGraw,6717717722773281013,https://www.electriceyerock.com/2025/07/audrey-mcgraw-le-trianon-paris-july-7th.html
aura-noir,Aura Noir,2963101639779599105,https://www.electriceyerock.com/2026/06/aura-noir-hellfest-clisson-june-20th.html
autry-fulbright,Autry Fulbright,5360407954457463889,https://www.electriceyerock.com/2019/02/5-questions-with-autry-fulbright-ii-of.html
autry-fulbright,Autry Fulbright,3827561989088036957,https://www.electriceyerock.com/2019/01/and-you-will-know-us-by-trail-of-dead.html
avantasia,Avantasia,8067870399593081496,https://www.electriceyerock.com/2025/02/album-review-avantasia-here-be-dragons.html
avantasia,Avantasia,859457699916301749,https://www.electriceyerock.com/2025/02/tobias-sammetts-avantasia-new-album-and.html
avatar,Avatar,3393132238230191595,https://www.electriceyerock.com/2026/03/avatar-le-zenith-paris-march-7th-2026.html
avatar,Avatar,2904953285468478888,https://www.electriceyerock.com/2025/07/avatar-la-defense-arena-nanterre-july.html
axl-rose,Axl Rose,3094638451486709593,https://www.electriceyerock.com/2026/07/guns-n-roses-accor-arena-paris-july-3rd.html
axl-rose,Axl Rose,5367608758581641729,https://www.electriceyerock.com/2026/07/guns-n-roses-accor-arena-paris-july-1st.html
axl-rose,Axl Rose,5809950114632544809,https://www.electriceyerock.com/2025/12/guns-n-roses-debuts-new-songs.html
axl-rose,Axl Rose,4036872359144224631,https://www.electriceyerock.com/2025/11/guns-n-roses-confirmed-for-two-nights.html
axl-rose,Axl Rose,8096002449346238699,https://www.electriceyerock.com/2025/03/the-new-guns-n-roses-drummer-is.html
axl-rose,Axl Rose,5911897871866914886,https://www.electriceyerock.com/2025/03/frank-ferrer-leaves-guns-n-roses.html
axl-rose,Axl Rose,1492069963574767227,https://www.electriceyerock.com/2024/01/watch-new-guns-n-roses-video-here.html
axl-rose,Axl Rose,1353161037545135283,https://www.electriceyerock.com/2023/07/guns-n-roses-la-defense-arena-nanterre.html
axl-rose,Axl Rose,1968544455034986398,https://www.electriceyerock.com/2023/06/guns-n-roses-unearth-bunch-of-rarities.html
axl-rose,Axl Rose,9187717512217792694,https://www.electriceyerock.com/2023/04/slash-leaves-guns-n-roses-tour-to-go.html
axl-rose,Axl Rose,7391956371572155902,https://www.electriceyerock.com/2023/02/guns-n-roses-announce-paris-date-for.html
axl-rose,Axl Rose,3977085606551960666,https://www.electriceyerock.com/2018/06/guns-n-roses-stade-atlantique-bordeaux.html
axl-rose,Axl Rose,8472647389343679710,https://www.electriceyerock.com/2018/06/guns-n-roses-download-paris-june-18th.html
axl-rose,Axl Rose,1428002177371234943,https://www.electriceyerock.com/2017/07/guns-n-roses-stade-de-france-st-denis.html
axl-rose,Axl Rose,2309681460263700270,https://www.electriceyerock.com/2016/08/guns-n-roses-qualcomm-stadium-san-diego.html
axl-rose,Axl Rose,7246169822937525098,https://www.electriceyerock.com/2016/05/acdc-feat-axl-rose-stade-velodrome.html
axl-rose,Axl Rose,6486312901441181457,https://www.electriceyerock.com/2012/06/guns-n-roses-pop-bercy-paris-june-5-2012.html
ayron-jones,Ayron Jones,1130714233370165509,https://www.electriceyerock.com/2023/03/ayron-jones-releases-new-excerpt-from.html
ayron-jones,Ayron Jones,4460939711604008958,https://www.electriceyerock.com/2022/07/ayron-jones-hippodrome-de-longchamp.html
ayron-jones,Ayron Jones,4458741023074812467,https://www.electriceyerock.com/2021/11/ayron-jones-new-morning-paris-november.html
backyard-babies,Backyard Babies,5918152172675057784,https://www.electriceyerock.com/2019/03/album-review-backyard-babies-sliver-and.html
bad-religion,Bad Religion,7747051418479519171,https://www.electriceyerock.com/2024/07/bad-religion-elysee-montmartre-paris.html
bad-religion,Bad Religion,2054526754247317188,https://www.electriceyerock.com/2019/04/album-review-bad-religion-age-of.html
barry-mills,Barry Mills,4805287868420286253,https://www.electriceyerock.com/2025/12/massive-wagons-conversation-with-barry.html
bea-and-her-business,Bea and her Business,2723498007805800679,https://www.electriceyerock.com/2025/11/bea-and-her-business-le-trianon-paris.html
beach-fossils,Beach Fossils,3969807063408222296,https://www.electriceyerock.com/2024/02/beach-fossils-trabendo-paris-february.html
beasto-blanco,Beastö Blancö,3876785624305905789,https://www.electriceyerock.com/2025/11/beasto-blanco-backstage-by-mill-paris.html
beasto-blanco,Beastö Blancö,5777795861814206062,https://www.electriceyerock.com/2025/04/beasto-blanco-returns-to-decimate-paris.html
beasto-blanco,Beastö Blancö,4903537689648669127,https://www.electriceyerock.com/2024/11/an-interview-with-beasto-blanco.html
beasto-blanco,Beastö Blancö,829732783252837103,https://www.electriceyerock.com/2024/11/beasto-blanco-elysee-montmartre-paris.html
beasto-blanco,Beastö Blancö,2669427691178328163,https://www.electriceyerock.com/2017/12/the-alice-cooper-band-pre-show-party-la.html
beat,Beat,2264143435206971623,https://www.electriceyerock.com/2026/08/a-different-beat-terry-bozzio-steps-in.html
beat,Beat,2999330462767137869,https://www.electriceyerock.com/2026/06/beat-olympia-paris-june-10th-2026.html
beat,Beat,5527864408487983336,https://www.electriceyerock.com/2025/12/beat-coming-to-paris-to-play-1980s-king.html
beck,Beck,2302323202018545515,https://www.electriceyerock.com/2019/08/beck-forest-hills-stadium-new-york-usa.html
begonia,Begonia,8559496570432014778,https://www.electriceyerock.com/2026/02/begonia-la-maroquinerie-paris-february.html
behemoth,Behemoth,2904341958591884463,https://www.electriceyerock.com/2026/06/behemoth-hellfest-clisson-june-20th-2026.html
behemoth,Behemoth,3766318427301502118,https://www.electriceyerock.com/2025/11/dimmu-borgir-behemoth-and-dark-funeral.html
bernard-allison,Bernard Allison,6112747301355228168,https://www.electriceyerock.com/2026/03/listen-to-bernard-allisons-new-single.html
bernard-allison,Bernard Allison,3965101811813495580,https://www.electriceyerock.com/2024/02/bernard-allison-new-morning-paris.html
between-the-buried-and-me,Between The Buried And Me,1096378904107978435,https://www.electriceyerock.com/2023/03/between-buried-and-me-alhambra-paris.html
biffy-clyro,Biffy Clyro,481478752860658954,https://www.electriceyerock.com/2017/07/biffy-clyro-stade-de-france-st-denis.html
bikini-kill,Bikini Kill,5785867363771792939,https://www.electriceyerock.com/2024/06/bikini-kill-elysee-montmartre-paris.html
billie-eilish,Billie Eilish,115981162903436435,https://www.electriceyerock.com/2019/03/album-review-billie-eilish-when-we-fall.html
billy-cobham,Billy Cobham,1437781188041145288,https://www.electriceyerock.com/2026/02/jazz-giant-billy-cobham-to-return-to.html
billy-cobham,Billy Cobham,6192506052663391205,https://www.electriceyerock.com/2017/02/billy-cobham-new-morning-paris-february.html
billy-corgan,Billy Corgan,5326050843248486078,https://www.electriceyerock.com/2026/05/billy-corgan-brings-orchestral-version.html
billy-corgan,Billy Corgan,2607117859684887665,https://www.electriceyerock.com/2025/01/the-smashing-pumkins-billy-morgan-is.html
billy-corgan,Billy Corgan,5983384587635291070,https://www.electriceyerock.com/2024/06/the-smashing-pumpkins-accor-arena-paris.html
billy-idol,Billy Idol,7184280128899799870,https://www.electriceyerock.com/2023/07/generation-sex-la-defense-arena.html
billy-idol,Billy Idol,4966854854820543848,https://www.electriceyerock.com/2015/06/billy-idol-zenith-paris-june-22-2015.html
bireli-lagrene,Bireli Lagrene,8559899497440126712,https://www.electriceyerock.com/2026/03/bireli-lagrene-studio-sextan-malakoff.html
bireli-lagrene,Bireli Lagrene,1354673036229952316,https://www.electriceyerock.com/2026/03/album-review-bireli-lagrene-elegant.html
black-bomb-a,Black Bomb A,7578580521279116995,https://www.electriceyerock.com/2023/05/black-bomb-la-bellevilloise-paris-may.html
black-flag,Black Flag,5950834077807867641,https://www.electriceyerock.com/2025/06/black-flag-petit-bain-paris-june-16th.html
black-flag,Black Flag,3748760141655114694,https://www.electriceyerock.com/2025/04/black-flag-to-play-their-first-ever.html
black-lips,Black Lips,1764352813481709752,https://www.electriceyerock.com/2025/03/listen-to-new-black-lips-single-here.html
black-lips,Black Lips,5429914945786708405,https://www.electriceyerock.com/2021/12/the-black-lips-trabendo-paris-december.html
black-sabbath,Black Sabbath,1388215988215862771,https://www.electriceyerock.com/2026/08/glenn-hughes-retires-from-touring.html
black-sabbath,Black Sabbath,7568299591520638969,https://www.electriceyerock.com/2025/07/fridays-playlist-rip-ozzy-osbourne.html
black-sabbath,Black Sabbath,8387078373366448898,https://www.electriceyerock.com/2025/07/ozzy-osbourne-1948-2025.html
black-sabbath,Black Sabbath,4963184224119166336,https://www.electriceyerock.com/2025/07/rip-ozzy.html
black-sabbath,Black Sabbath,5345421111066808879,https://www.electriceyerock.com/2025/02/black-sabbath-reunites-again.html
black-sabbath,Black Sabbath,3116398684647718637,https://www.electriceyerock.com/2024/11/zakk-sabbath-announces-european-tour.html
black-sabbath,Black Sabbath,631074168440196430,https://www.electriceyerock.com/2023/03/pre-order-your-digital-copy-of-geezer.html
black-sabbath,Black Sabbath,7345262074059520409,https://www.electriceyerock.com/2023/03/that-version-of-war-pigs-by-t-pain-is.html
black-sabbath,Black Sabbath,129492563251178508,https://www.electriceyerock.com/2023/02/farewell-ozzy.html
black-sabbath,Black Sabbath,7222916313010048448,https://www.electriceyerock.com/2020/08/fridays-mondays-playlist-mixing-desk.html
black-sabbath,Black Sabbath,1866534432851771970,https://www.electriceyerock.com/2020/05/fridays-saturdays-playlist-ronnie-james.html
black-sabbath,Black Sabbath,4758068236306752975,https://www.electriceyerock.com/2019/04/fridays-playlist-children-of-sabbath.html
black-sabbath,Black Sabbath,4863881152478540132,https://www.electriceyerock.com/2017/02/black-sabbath-genting-arena-birmingham.html
black-sabbath,Black Sabbath,544554226165231030,https://www.electriceyerock.com/2016/08/black-sabbath-mohegan-sun-uncasville-ct.html
black-sabbath,Black Sabbath,4571341512228743601,https://www.electriceyerock.com/2013/12/black-sabbath-palais-omnisport-de-paris.html
black-spirituals,Black Spirituals,2021977598293507952,https://www.electriceyerock.com/2015/01/black-spirituals-la-maroquinerie-paris.html
black-stone-cherry,Black Stone Cherry,5951692128205761375,https://www.electriceyerock.com/2023/05/listen-to-nervous-new-single-by-black.html
black-stone-cherry,Black Stone Cherry,2750458705818255088,https://www.electriceyerock.com/2019/09/black-stone-cherry-la-seine-musicale_60.html
black-veil-brides,Black Veil Brides,8863765197304598711,https://www.electriceyerock.com/2023/12/black-veil-brides-la-cigale-paris.html
black-veil-brides,Black Veil Brides,5676374636917893100,https://www.electriceyerock.com/2023/06/halestorm-announces-new-tour.html
blackberry-smoke,Blackberry Smoke,8745143838040621880,https://www.electriceyerock.com/2024/09/an-interview-with-blackberry-smoke.html
blackberry-smoke,Blackberry Smoke,1969085765949357253,https://www.electriceyerock.com/2024/09/blackberry-smoke-olympia-paris.html
blackberry-smoke,Blackberry Smoke,2689946564858094764,https://www.electriceyerock.com/2023/09/blackberry-smoke-announces-new-album.html
blackberry-smoke,Blackberry Smoke,3451408225231715896,https://www.electriceyerock.com/2023/03/blackberry-smoke-bataclan-paris-march.html
bleu-reine,Bleu Reine,3206103290743538464,https://www.electriceyerock.com/2025/09/bleu-reine-le-klub-paris-september-6th.html
block-of-flats,Block of Flats,1113238011872166550,https://www.electriceyerock.com/2025/11/block-of-flats-la-cigale-paris-november.html
blood-ceremony,Blood Ceremony,1041825174792821552,https://www.electriceyerock.com/2016/04/blood-ceremony-backstage-by-mill-paris.html
blood-ceremony,Blood Ceremony,192755812255193050,https://www.electriceyerock.com/2014/05/bloor-ceremony-batofar-paris-may-7-2014.html
bloodshot-bill,Bloodshot Bill,443471037155040072,https://www.electriceyerock.com/2025/05/bloodshot-bill-trabendo-paris-may-30th.html
bloodywood,BloodyWood,399488667101436891,https://www.electriceyerock.com/2025/11/bloodywood-olympia-paris-november-17th.html
blot,Blot,7970037456850458617,https://www.electriceyerock.com/2025/10/blot-trabendo-paris-october-8th-2025.html
blue-oyster-cult,Blue Öyster Cult,6141517346898748372,https://www.electriceyerock.com/2025/06/alternate-universe-album-lou-reed-blue.html
blue-oyster-cult,Blue Öyster Cult,5300941966862263571,https://www.electriceyerock.com/2025/06/blue-oyster-cult-lolympia-paris-june.html
blue-oyster-cult,Blue Öyster Cult,6971984853203866962,https://www.electriceyerock.com/2025/01/blue-oyster-cult-to-return-to-olympia.html
blue-oyster-cult,Blue Öyster Cult,5086966913176384561,https://www.electriceyerock.com/2023/10/blue-oyster-cult-to-release-new-album.html
blue-oyster-cult,Blue Öyster Cult,6247638511224858397,https://www.electriceyerock.com/2022/10/blue-oyster-cult-le-trianon-paris.html
blues,Blues,7905984601166164254,https://www.electriceyerock.com/2026/08/ga-20-bring-blues-back-to-paris-in-fall.html
blues,Blues,2056876380820259209,https://www.electriceyerock.com/2025/12/chicago-blues-festival-tour-feat-selwyn.html
blues,Blues,8809085992721328632,https://www.electriceyerock.com/2025/10/joanne-shaw-taylor-brings-blues-back-to.html
blues,Blues,2123436390311896353,https://www.electriceyerock.com/2025/07/jared-james-nichols-brings-his-blues.html
blues,Blues,3795315809158192687,https://www.electriceyerock.com/2025/07/fridays-playlist-future-of-blues-guitar.html
blues,Blues,67072437969062040,https://www.electriceyerock.com/2025/06/the-chicago-blues-festival-tour-2025.html
blues,Blues,7239929175618169465,https://www.electriceyerock.com/2025/02/fridays-playlist-cubist-blues.html
blues,Blues,4102591067490247024,https://www.electriceyerock.com/2019/12/fridays-playlist-blues-classics.html
blues,Blues,6688035926209359646,https://www.electriceyerock.com/2019/02/album-review-walter-trout-survivor-blues.html
blues-pills,Blues Pills,4787891860528840366,https://www.electriceyerock.com/2026/04/blues-pills-bataclan-paris-april-3rd.html
blues-pills,Blues Pills,34011333159717618,https://www.electriceyerock.com/2026/04/dewolff-bataclan-paris-april-3rd-2026.html
blues-pills,Blues Pills,6196244850208080921,https://www.electriceyerock.com/2025/11/dewolff-and-blues-pills-unite-for.html
bob-dylan,Bob Dylan,2678335205724008649,https://www.electriceyerock.com/2025/07/trick-or-treat-yourself-bob-dylan-plays.html
bob-dylan,Bob Dylan,5887033653664016924,https://www.electriceyerock.com/2025/01/bid-for-bob-rare-dylan-artifacts-for.html
bob-dylan,Bob Dylan,8240295387377360011,https://www.electriceyerock.com/2024/10/bob-dylan-la-seine-musicale-paris.html
bob-dylan,Bob Dylan,8791535985505091406,https://www.electriceyerock.com/2019/05/fridays-playlists-inspired-by-dylan.html
bob-dylan,Bob Dylan,4030177600895368052,https://www.electriceyerock.com/2019/04/bob-dylan-grand-rex-paris-april-13th.html
bob-dylan,Bob Dylan,4731229946716403831,https://www.electriceyerock.com/2017/04/bob-dylan-la-seine-musicale-boulogne.html
bob-dylan,Bob Dylan,4497790897886174957,https://www.electriceyerock.com/2017/04/bob-dylan-le-zenith-paris-april-20th.html
bob-mould,Bob Mould,1341413658388034014,https://www.electriceyerock.com/2026/06/sugar-elysee-montmartre-paris-june-13th.html
bob-mould,Bob Mould,3774282890303639249,https://www.electriceyerock.com/2026/06/j-robbins-elysee-montmartre-paris-june.html
bob-mould,Bob Mould,6465381608625299887,https://www.electriceyerock.com/2026/01/bob-mould-and-sugar-expand-reunion-tour.html
bob-mould,Bob Mould,6544035241832944865,https://www.electriceyerock.com/2025/11/bob-mould-la-maroquinerie-paris.html
bokassa,Bokassa,7986432147211980371,https://www.electriceyerock.com/2026/05/bokassa-elysee-montmartre-paris-may.html
bones,Bones,6879640316455224152,https://www.electriceyerock.com/2025/04/bones-accor-arena-paris-april-2nd-2025.html
bones-owens,Bones Owens,7914085451853545120,https://www.electriceyerock.com/2024/09/bones-owens-lolympia-paris-september.html
bootsy-collins,Bootsy Collins,5273834267936019377,https://www.electriceyerock.com/2025/04/album-review-bootsy-collins-album-of.html
bootsy-collins,Bootsy Collins,782868912423104165,https://www.electriceyerock.com/2023/05/listen-to-funk-not-fight-new-song-by.html
bootsy-collins,Bootsy Collins,4379148512202738137,https://www.electriceyerock.com/2020/10/fridays-mondays-playlist-bootsy-collins.html
bootsy-collins,Bootsy Collins,6528895824111629194,https://www.electriceyerock.com/2014/02/blog-post.html
boris-pelekh,Boris Pelekh,3873589841824857591,https://www.electriceyerock.com/2019/02/5-questions-with-boris-pelekh-of-gogol.html
bowling-for-soup,Bowling For Soup,2709123414571974232,https://www.electriceyerock.com/2026/08/bowling-for-soup-capital-one-city-parks.html
brandi-carlile,Brandi Carlile,5253208281588479212,https://www.electriceyerock.com/2025/10/brandi-carlile-will-return-to-paris.html
brandi-carlile,Brandi Carlile,2046079333934831888,https://www.electriceyerock.com/2025/07/brandi-carlile-le-trianon-paris-july.html
brandi-carlile,Brandi Carlile,3087016823383713061,https://www.electriceyerock.com/2025/04/album-review-elton-john-brandi-carlile.html
brandi-carlile,Brandi Carlile,4773460103951308219,https://www.electriceyerock.com/2025/02/brandi-carlile-announces-first-ever.html
brant-bjork,Brant Bjork,1620274366805823043,https://www.electriceyerock.com/2025/10/brant-bjork-trio-cafe-de-la-danse-paris.html
brant-bjork,Brant Bjork,1696969193316074803,https://www.electriceyerock.com/2025/10/the-brant-bjork-trio-to-bring-desert-to.html
breaking-benjamin,Breaking Benjamin,2129094827090758109,https://www.electriceyerock.com/2026/06/breaking-benjamin-hellfest-clisson-june.html
bring-me-the-horizon,Bring Me The Horizon,1181368647794643146,https://www.electriceyerock.com/2025/01/preview-bring-me-horizons-cover-of.html
bring-me-the-horizon,Bring Me The Horizon,5155204536125239764,https://www.electriceyerock.com/2023/06/bring-me-horizon-accor-arena-paris-june.html
brooklyn-funk-essentials,Brooklyn Funk Essentials,706445671667261937,https://www.electriceyerock.com/2025/10/brooklyn-funk-essentials-new-morning.html
brooklyn-funk-essentials,Brooklyn Funk Essentials,3090913779821972032,https://www.electriceyerock.com/2025/09/brooklyn-funk-essential-return-to-paris.html
bruce-hornsby,Bruce Hornsby,1181867464972508488,https://www.electriceyerock.com/2019/04/album-review-bruce-hornsby-absolute-zero.html
bruce-springsteen,Bruce Springsteen,7323992045549971133,https://www.electriceyerock.com/2025/04/bruce-springsteen-to-finally-release.html
bruce-springsteen,Bruce Springsteen,6970425544413732800,https://www.electriceyerock.com/2023/10/bruce-is-bringing-e-street-band-back-to.html
bruce-springsteen,Bruce Springsteen,8744441217617196842,https://www.electriceyerock.com/2023/05/bruce-springsteen-and-e-street-band-la.html
bruce-springsteen,Bruce Springsteen,759503980936354806,https://www.electriceyerock.com/2022/09/listen-to-bruce-springsteens-new-single.html
bruce-springsteen,Bruce Springsteen,6772016477187454334,https://www.electriceyerock.com/2022/06/bruce-springsteen-announces-two-shows.html
bruce-springsteen,Bruce Springsteen,7989250609829182065,https://www.electriceyerock.com/2019/06/album-review-bruce-springsteen-western.html
bruce-springsteen,Bruce Springsteen,8672705244779602880,https://www.electriceyerock.com/2012/07/bruce-springsteen-e-street-band.html
brujeria,Brujeria,975540393212181375,https://www.electriceyerock.com/2025/02/brujeria-tattoo-planetarium-paris.html
bryan-adams,Bryan Adams,59745636576311154,https://www.electriceyerock.com/2026/02/bryan-adams-returns-to-paris-at-end-of.html
bryan-adams,Bryan Adams,9201472899910969188,https://www.electriceyerock.com/2025/02/bryan-adams-shares-new-track-roll-with.html
bryan-adams,Bryan Adams,4649556293517204068,https://www.electriceyerock.com/2024/12/bryan-adams-releases-new-video-from.html
bryan-adams,Bryan Adams,7421370916778773225,https://www.electriceyerock.com/2024/09/bryan-adams-le-zenith-paris-september.html
bryan-adams,Bryan Adams,2523809035045593189,https://www.electriceyerock.com/2022/12/bryan-adams-palais-des-sports-paris.html
bryan-adams,Bryan Adams,4519052141104891457,https://www.electriceyerock.com/2019/03/album-review-bryan-adams-shine-light.html
bubba-hodges,Bubba Hodges,5944770597819557352,https://www.electriceyerock.com/2019/02/5-questions-with-bubba-hodges-from.html
burning-rain,Burning Rain,6695241616470365112,https://www.electriceyerock.com/2019/04/album-review-burning-rain-face-music.html
bury-tomorrow,Bury Tomorrow,5593179736102839950,https://www.electriceyerock.com/2026/01/bury-tomorrow-le-zenith-paris-january.html
bury-tomorrow,Bury Tomorrow,5675141894710873804,https://www.electriceyerock.com/2024/11/we-got-moves-electric-callboy-to-turn.html
bywater-call,Bywater Call,3707567466304177860,https://www.electriceyerock.com/2023/02/meghan-parnell-dave-barnes-from-bywater.html
cage-the-elephant,Cage the Elephant,3911838259000339975,https://www.electriceyerock.com/2026/07/cage-elephant-head-for-beaches-in.html
cage-the-elephant,Cage the Elephant,4800766222480941620,https://www.electriceyerock.com/2025/02/cage-elephant-at-le-zenith-paris.html
cage-the-elephant,Cage the Elephant,40992249004372725,https://www.electriceyerock.com/2025/02/cage-elephant-brings-neon-pill-to-le.html
cage-the-elephant,Cage the Elephant,4904494636141533347,https://www.electriceyerock.com/2020/02/cage-elephant-olympia-paris-february.html
cage-the-elephant,Cage the Elephant,5957855223167391431,https://www.electriceyerock.com/2019/08/cage-elephant-forest-hills-stadium-new.html
cage-the-elephant,Cage the Elephant,8630364014249013251,https://www.electriceyerock.com/2017/10/cage-elephant-u-arena-nanterre-october.html
candlemass,Candlemass,5128743199854758234,https://www.electriceyerock.com/2019/02/album-review-candlemass-door-to-doom.html
cannibal-corpse,Cannibal Corpse,9166800051099508061,https://www.electriceyerock.com/2026/06/six-feet-under-hellfest-clisson-june.html
cannibal-corpse,Cannibal Corpse,6721058751634022182,https://www.electriceyerock.com/2024/03/cannibal-corpse-announces-fall-european.html
cannibal-corpse,Cannibal Corpse,9008586122224211876,https://www.electriceyerock.com/2023/06/new-cannibal-corpse-album-on-way-listen.html
cannibal-corpse,Cannibal Corpse,6347064563525548510,https://www.electriceyerock.com/2023/04/cannibal-corpse-collaboration-with.html
cannibal-corpse,Cannibal Corpse,6167876746069636348,https://www.electriceyerock.com/2023/03/cannibal-corpse-elysee-montmartre-paris.html
carcass,Carcass,1596508426207222009,https://www.electriceyerock.com/2026/03/kreator-le-zenith-paris-march-24th-2026.html
carcass,Carcass,2737668372081751484,https://www.electriceyerock.com/2026/03/carcass-le-zenith-paris-march-24th-2026.html
carcass,Carcass,5101573600577112771,https://www.electriceyerock.com/2026/03/exodus-le-zenith-paris-march-24th-2026.html
carcass,Carcass,941237716104880962,https://www.electriceyerock.com/2026/03/nails-le-zenith-paris-march-24th-2026.html
carcass,Carcass,3271929683402210299,https://www.electriceyerock.com/2025/09/extreme-metal-summit-at-le-zenith-in.html
carcass,Carcass,7260977990000463664,https://www.electriceyerock.com/2025/02/carcass-tattoo-planetarium-paris.html
cavalera,Cavalera,4824964011678406265,https://www.electriceyerock.com/2025/11/attila-csihar-iggor-cavalera-mains.html
charley-crockett,Charley Crockett,2025482272766489124,https://www.electriceyerock.com/2023/09/charley-crockett-cafe-de-la-danse-paris.html
charli-xcx,Charli XCX,4204938065395544704,https://www.electriceyerock.com/2015/02/charli-xcx-trabendo-paris-february-19th.html
che-arthur,Che Arthur,72279982207830716,https://www.electriceyerock.com/2025/11/che-arthur-la-maroquinerie-paris.html
chic,Chic,3588529080695857933,https://www.electriceyerock.com/2024/07/nile-rodgers-chic-la-seine-musicale.html
chicago-blues-festival,Chicago Blues Festival,2056876380820259209,https://www.electriceyerock.com/2025/12/chicago-blues-festival-tour-feat-selwyn.html
chicago-blues-festival,Chicago Blues Festival,67072437969062040,https://www.electriceyerock.com/2025/06/the-chicago-blues-festival-tour-2025.html
children-of-bodom,Children OF Bodom,6915152876732115589,https://www.electriceyerock.com/2019/03/album-review-children-of-bodom-hexed.html
chloe-foy,Chloe Foy,7746978182417971678,https://www.electriceyerock.com/2021/12/murray-head-olympia-paris-december-8th.html
chloe-foy,Chloe Foy,2319077796172309009,https://www.electriceyerock.com/2021/12/chloe-foy-olympia-paris-december-8th.html
christone-kingfish-ingram,"Christone ""Kingfish"" Ingram",1363660358379880172,https://www.electriceyerock.com/2025/11/christone-kingfish-ingram-la-cigale.html
cinder-well,Cinder Well,719404883201513988,https://www.electriceyerock.com/2025/09/cinder-well-le-klub-paris-september-6th.html
cinematic-orchestra,Cinematic Orchestra,504148165823643927,https://www.electriceyerock.com/2019/03/album-review-cinematic-orchestra-to.html
circle,Circle,3145649186410457460,https://www.electriceyerock.com/2019/05/album-review-sammy-hagar-circle-space.html
claypool-lennon-delirium,Claypool Lennon Delirium,7390732804381055823,https://www.electriceyerock.com/2019/02/album-review-claypoollennon-delirium.html
clipping,.clipping,3901524841435204190,https://www.electriceyerock.com/2025/01/album-review-clipping-dead-channel-sky.html
clive-carroll,Clive Carroll,4481395039845742826,https://www.electriceyerock.com/2024/01/clive-carroll-olympia-paris-january.html
clutch,Clutch,4904889313426705114,https://www.electriceyerock.com/2026/08/listen-to-new-clutch-single-here.html
clutch,Clutch,1825092178414832002,https://www.electriceyerock.com/2026/05/clutch-elysee-montmartre-paris-may-31st.html
clutch,Clutch,7986432147211980371,https://www.electriceyerock.com/2026/05/bokassa-elysee-montmartre-paris-may.html
clutch,Clutch,7214376702881658657,https://www.electriceyerock.com/2024/11/clutch-to-return-to-paris-at-end-of-year.html
cocorosie,CocoRosie,4975386882606606603,https://www.electriceyerock.com/2025/05/cocorosie-le-trianon-paris-may-19th-2025.html
cocorosie,CocoRosie,7307363047539244737,https://www.electriceyerock.com/2025/05/cocorosie-set-to-get-weird-at-le-trianon.html
coheed-and-cambria,Coheed and Cambria,2502585617812432653,https://www.electriceyerock.com/2025/10/coheed-and-cambria-alhambra-paris.html
commoners,Commoners,6124699235728585725,https://www.electriceyerock.com/2024/11/the-commoners-badaboum-paris-november.html
conquer-divide,Conquer Divide,1229015648892391316,https://www.electriceyerock.com/2025/01/conquer-divide-les-etoiles-paris.html
conversation,Conversation,7419637610516942612,https://www.electriceyerock.com/2026/08/alicia-witt-mixtape-paris-august-25th.html
conversation,Conversation,1192072344279455854,https://www.electriceyerock.com/2025/10/a-conversation-with-eugene-hutz-of.html
corrosion-of-conformity,Corrosion of Conformity,3480057138211758934,https://www.electriceyerock.com/2026/06/corrosion-of-conformity-hellfest.html
corrosion-of-conformity,Corrosion of Conformity,8021369963478338564,https://www.electriceyerock.com/2025/01/corrosion-of-conformity-start-recording.html
corrosion-of-conformity,Corrosion of Conformity,1117229822727613415,https://www.electriceyerock.com/2023/05/corrosion-of-conformity-petit-bain.html
cory-seznec,Cory Seznec,5804396217427380495,https://www.electriceyerock.com/2023/01/cory-seznec-la-maroquinerie-paris.html
courte-grill-the-buffalo-pailles,Courte Grill & the Buffalo Pailles,5701713052885012074,https://www.electriceyerock.com/2024/04/courte-grill-buffalo-pailles-sub-paris.html
creatures,Creatures,5061881787398756719,https://www.electriceyerock.com/2019/06/creatures-point-ephemere-paris-june.html
crimson-projekct,Crimson ProjeKct,4822065064987851525,https://www.electriceyerock.com/2014/03/crimson-projekct-trabendo-paris-march.html
crowbar,Crowbar,4650968894166768479,https://www.electriceyerock.com/2023/05/crowbar-la-bellevilloise-paris-november.html
cryptic-corporation,Cryptic Corporation,5944770597819557352,https://www.electriceyerock.com/2019/02/5-questions-with-bubba-hodges-from.html
cryptic-corporation,Cryptic Corporation,6870027453443692247,https://www.electriceyerock.com/2019/02/the-residents-la-gaite-lyrique-paris.html
cryptodira,Cryptodira,6286909763875791555,https://www.electriceyerock.com/2023/03/cryptodira-alhambra-paris-march-17th.html
cryptopsy,Cryptopsy,858486041740372641,https://www.electriceyerock.com/2025/08/cryptopsy-to-celebrate-30-years-of-none.html
cryptopsy,Cryptopsy,4572777260125664152,https://www.electriceyerock.com/2025/06/cryptopsy-la-machine-du-moulin-rouge.html
cuckoolander,Cuckoolander,1630598143205036068,https://www.electriceyerock.com/2015/02/cuckoolander-trabendo-paris.html
cymande,Cymande,3443810117381082199,https://www.electriceyerock.com/2026/08/jazz-la-villette-releases-2026-line-up.html
cymande,Cymande,7041251793221313797,https://www.electriceyerock.com/2025/10/cymande-la-cigale-paris-october-14th.html
cymande,Cymande,7368685187672973738,https://www.electriceyerock.com/2025/02/cymande-to-return-to-paris-in-october.html
cymande,Cymande,3383413106058832702,https://www.electriceyerock.com/2025/01/album-review-cymande-renascence.html
cymande,Cymande,406751059383179014,https://www.electriceyerock.com/2024/04/cymande-le-trianon-paris-april-17th-2024.html
cyndi-lauper,Cyndi Lauper,6079334912705978833,https://www.electriceyerock.com/2025/02/cyndi-lauper-accor-arena-paris-february.html
d-a-d,D-A-D,2814202681200089031,https://www.electriceyerock.com/2026/01/d-d-le-forum-vaureal-january-22nd-2026.html
d-a-d,D-A-D,6394739955945457237,https://www.electriceyerock.com/2026/01/the-69-eyes-le-forum-vaureal-january.html
d-a-d,D-A-D,294511058484276747,https://www.electriceyerock.com/2025/08/d-d-to-return-to-paris-area-in-new-year.html
d-a-d,D-A-D,2870574629477136077,https://www.electriceyerock.com/2019/11/d-d-petit-bain-paris-november-24th-2019.html
danger-mouse,Danger Mouse,4294605883112371763,https://www.electriceyerock.com/2019/03/karen-o-danger-mouse-lux-prima.html
danko-jones,Danko Jones,2194725347003117361,https://www.electriceyerock.com/2025/03/danko-jones-announces-new-paris-date.html
danko-jones,Danko Jones,4467201683487046493,https://www.electriceyerock.com/2023/12/danko-jones-osullivans-backstage-by.html
danny-elfman,Danny Elfman,632070197938228536,https://www.electriceyerock.com/2017/10/danny-elfman-palais-des-congres-paris.html
dark-funeral,Dark Funeral,3766318427301502118,https://www.electriceyerock.com/2025/11/dimmu-borgir-behemoth-and-dark-funeral.html
dark-funeral,Dark Funeral,5777933493917272904,https://www.electriceyerock.com/2025/01/dark-funeral-la-machine-du-moulin-rouge.html
dark-funeral,Dark Funeral,8829256404707541923,https://www.electriceyerock.com/2023/03/dark-funeral-elysee-montmartre-paris.html
dark-star-orchestra,Dark Star Orchestra,8632396617784905102,https://www.electriceyerock.com/2024/09/dark-star-orchestra-la-cigale-paris.html
darts,Darts,2142834135613944877,https://www.electriceyerock.com/2025/07/the-darts-la-mecanique-ondulatoire.html
darts,Darts,2449100182166302159,https://www.electriceyerock.com/2025/07/the-darts-killer-kin-join-forces-in.html
datcha-mandala,Dätcha Mandala,7817615503464698145,https://www.electriceyerock.com/2025/11/datcha-mandala-backstage-by-mill-paris.html
dave-barnes,Dave Barnes,3707567466304177860,https://www.electriceyerock.com/2023/02/meghan-parnell-dave-barnes-from-bywater.html
david-bowie,David Bowie,1539062374859999430,https://www.electriceyerock.com/2025/01/david-bowie-nine-years-gone.html
david-bowie,David Bowie,1842835959464414408,https://www.electriceyerock.com/2024/04/robert-fripp-and-adrian-belew-reunite.html
david-bowie,David Bowie,8780896584132134531,https://www.electriceyerock.com/2021/10/listen-to-david-bowie-new-single-here.html
david-bowie,David Bowie,796317120061443428,https://www.electriceyerock.com/2019/10/fridays-playlist-robert-fripp-sessions.html
david-bowie,David Bowie,2499443098088017948,https://www.electriceyerock.com/2018/01/celebrating-david-bowie-salle-pleyel.html
david-gilmour,David Gilmour,955945727115433257,https://www.electriceyerock.com/2026/08/ex-acdc-drummer-chris-slade-retires.html
david-gilmour,David Gilmour,5034387568723268312,https://www.electriceyerock.com/2024/04/listen-to-david-gilmours-new-single.html
david-gilmour,David Gilmour,6164479284395398690,https://www.electriceyerock.com/2016/07/david-gilmour-chateau-de-chantilly_16.html
david-vincent,David Vincent,2259634672137121543,https://www.electriceyerock.com/2025/12/terrorizer-la-machine-du-moulin-rouge.html
david-vincent,David Vincent,6171744279621653866,https://www.electriceyerock.com/2025/11/an-interview-with-david-vincent-of.html
de-la-soul,De La Soul,3581394324869380651,https://www.electriceyerock.com/2019/05/de-la-soul-accorhotels-arena-paris-may.html
dead-can-dance,Dead Can Dance,3842459651676307353,https://www.electriceyerock.com/2019/05/dead-can-dance-le-grand-rex-paris-may.html
dead-daisies,Dead Daisies,1388215988215862771,https://www.electriceyerock.com/2026/08/glenn-hughes-retires-from-touring.html
dead-daisies,Dead Daisies,7704380204209754381,https://www.electriceyerock.com/2024/12/barely-month-after-their-incandescent.html
dead-daisies,Dead Daisies,2862412786284014884,https://www.electriceyerock.com/2024/11/the-dead-daisies-elysee-montmartre.html
dead-daisies,Dead Daisies,882819591600476372,https://www.electriceyerock.com/2023/05/glenn-hughes-exits-dead-daisies-new.html
dead-daisies,Dead Daisies,9078177976415785759,https://www.electriceyerock.com/2016/12/the-dead-daisies-trabendo-paris.html
deafheaven,Deafheaven,7073369711015231445,https://www.electriceyerock.com/2025/01/listen-to-new-deafheaven-song-and-pre.html
deafheaven,Deafheaven,5347632791659385100,https://www.electriceyerock.com/2022/09/deafheaven-elysee-montmartre-paris.html
decapitated,Decapitated,5167386285647957729,https://www.electriceyerock.com/2025/06/decapitated-la-machine-du-moulin-rouge.html
deep-purple,Deep Purple,1388215988215862771,https://www.electriceyerock.com/2026/08/glenn-hughes-retires-from-touring.html
deep-purple,Deep Purple,2950416177840983586,https://www.electriceyerock.com/2026/06/deep-purple-hellfest-clisson-june-18th.html
deep-purple,Deep Purple,7270558162310791053,https://www.electriceyerock.com/2025/11/fare-thee-well-mr-coverdale.html
deep-purple,Deep Purple,4883255037824671447,https://www.electriceyerock.com/2025/07/simon-mcbride-le-zenith-paris-july-10th.html
deep-purple,Deep Purple,1766268905390071548,https://www.electriceyerock.com/2024/04/deep-purple-to-release-new-studio-album.html
deep-purple,Deep Purple,3650360871563364505,https://www.electriceyerock.com/2019/05/album-review-whitesnake-flesh-blood.html
deep-purple,Deep Purple,5626750354542005159,https://www.electriceyerock.com/2018/11/glenn-hughes-elysee-montmartre-paris.html
deep-purple,Deep Purple,4378426236043195186,https://www.electriceyerock.com/2017/06/deep-purple-accorhotels-arena-paris.html
deep-purple,Deep Purple,6723108011197804601,https://www.electriceyerock.com/2016/07/whitesnake-olympia-paris-july-19th-2016.html
deicide,Deicide,3623628330413719749,https://www.electriceyerock.com/2026/06/deicide-hellfest-clisson-june-20th-2026.html
del-amitri,Del Amitri,5652585705707765034,https://www.electriceyerock.com/2024/04/del-amitri-zenith-paris-april-18th-2024.html
delain,Delain,5762690847680135502,https://www.electriceyerock.com/2019/12/delain-cabaret-sauvage-paris-december.html
delicate-steve,Delicate Steve,3913425854596095923,https://www.electriceyerock.com/2019/03/album-review-delicate-steve-til-i-burn.html
delta-goodrem,Delta Goodrem,3343117984807132636,https://www.electriceyerock.com/2026/07/delta-goodrem-announces-return-to-paris.html
delta-goodrem,Delta Goodrem,2183543489205989108,https://www.electriceyerock.com/2026/06/delta-goodrem-la-maroquinerie-paris.html
depeche-mode,Depeche Mode,1995162551020313152,https://www.electriceyerock.com/2023/11/listen-to-trevor-horn-and-iggy-pop.html
depeche-mode,Depeche Mode,1430544379868750301,https://www.electriceyerock.com/2023/07/depeche-mode-announces-new-tour.html
depeche-mode,Depeche Mode,6628735722877728625,https://www.electriceyerock.com/2023/06/check-out-replay-of-these-great-sets.html
depeche-mode,Depeche Mode,3165181858291854307,https://www.electriceyerock.com/2023/06/depeche-mode-stade-de-france-saint.html
depeche-mode,Depeche Mode,5764616459991467963,https://www.electriceyerock.com/2023/03/listen-to-depeche-modes-new-album.html
devangelic,Devangelic,5234764930530361699,https://www.electriceyerock.com/2026/06/devangelic-hellfest-clisson-june-18th.html
devin-townsend,Devin Townsend,150769755967044827,https://www.electriceyerock.com/2026/05/devin-townsend-announces-solo-tour.html
devin-townsend,Devin Townsend,7999121479596314204,https://www.electriceyerock.com/2023/03/devin-townsend-olympia-paris-march-26th.html
devin-townsend,Devin Townsend,2042728165980252837,https://www.electriceyerock.com/2019/11/devin-townsend-salle-pleyel-paris.html
devin-townsend,Devin Townsend,7723430518935390188,https://www.electriceyerock.com/2019/03/album-review-devin-townsend-empath.html
dewolff,Dewolff,4787891860528840366,https://www.electriceyerock.com/2026/04/blues-pills-bataclan-paris-april-3rd.html
dewolff,Dewolff,34011333159717618,https://www.electriceyerock.com/2026/04/dewolff-bataclan-paris-april-3rd-2026.html
dewolff,Dewolff,6196244850208080921,https://www.electriceyerock.com/2025/11/dewolff-and-blues-pills-unite-for.html
dhani-harrison,Dhani Harrison,2826735802637004791,https://www.electriceyerock.com/2024/10/dhani-harrison-la-maroquinerie-paris.html
dido,Dido,5297951727530854608,https://www.electriceyerock.com/2019/03/album-review-dido-still-on-my-mind.html
die-antwoord,Die Antwoord,4545434558775355439,https://www.electriceyerock.com/2024/12/die-antwoord-olympia-paris-december.html
dinosaur-jr,Dinosaur Jr.,9058193577585292139,https://www.electriceyerock.com/2022/10/dinosaur-jr-trabendo-paris-october-22nd.html
disciples-of-soul,Disciples of Soul,1774357647680434185,https://www.electriceyerock.com/2019/05/album-review-little-steven-disciples-of.html
disciples-of-soul,Disciples of Soul,9137332108222921138,https://www.electriceyerock.com/2017/06/little-steven-disciples-of-soul-la.html
ditz,DITZ,4038703434739733446,https://www.electriceyerock.com/2025/11/ditz-elysee-montmartre-paris-november.html
ditz,DITZ,4906677159378017070,https://www.electriceyerock.com/2025/11/knives-elysee-montmartre-paris-november.html
ditz,DITZ,1446280314335716464,https://www.electriceyerock.com/2025/03/ditz-returns-to-paris-in-november.html
dj-ewook,DJ Ewook,7445774468092695375,https://www.electriceyerock.com/2026/05/dj-ewook-bataclan-paris-may-13th-2026.html
dj-premier,DJ Premier,1759996392089228654,https://www.electriceyerock.com/2019/05/dj-premier-accorhotels-arena-paris-may.html
dog-eat-dog,Dog Eat Dog,8761599381697748759,https://www.electriceyerock.com/2024/10/dog-eat-dog-la-machine-du-moulin-rouge.html
dolly-parton,Dolly Parton,4579274501673632187,https://www.electriceyerock.com/2026/08/fridays-playlist-dolly-rocks.html
dopelord,Dopelord,5758447714051230467,https://www.electriceyerock.com/2026/01/dopelord-tattoo-planetarium-paris.html
doro,Doro,3250417095130256010,https://www.electriceyerock.com/2024/10/doro-zenith-paris-october-2nd-2024.html
down,Down,6082966285672740531,https://www.electriceyerock.com/2026/06/down-hellfest-clisson-june-21st-2026.html
dream-state,Dream State,8073185676126399494,https://www.electriceyerock.com/2026/05/dream-state-la-maroquinerie-paris-may.html
dream-theater,Dream Theater,3174389731558325497,https://www.electriceyerock.com/2025/02/album-review-dream-theater-parasomnia.html
dream-theater,Dream Theater,377640708762235530,https://www.electriceyerock.com/2023/10/mike-portnoy-is-back-in-dream-theater.html
dream-theater,Dream Theater,4475232726205874512,https://www.electriceyerock.com/2019/03/album-review-dream-theater-distance.html
drink-the-sea,Drink The Sea,265859208258670772,https://www.electriceyerock.com/2026/07/drink-sea-share-first-singles-from.html
drink-the-sea,Drink The Sea,8939782231759089065,https://www.electriceyerock.com/2026/06/alt-rock-supergroup-drink-sea-announce.html
drink-the-sea,Drink The Sea,5273758839537954875,https://www.electriceyerock.com/2025/12/drink-sea-la-maroquinerie-paris.html
drink-the-sea,Drink The Sea,627495749006323358,https://www.electriceyerock.com/2025/12/a-conversation-with-drink-sea.html
drink-the-sea,Drink The Sea,6334822891227587739,https://www.electriceyerock.com/2025/09/a-double-dose-of-alain-johannes-in.html
drive-by-truckers,Drive-By Truckers,769330683119258944,https://www.electriceyerock.com/2025/01/patterson-hood-exploding-trees-and.html
drive-by-truckers,Drive-By Truckers,1060055625102287633,https://www.electriceyerock.com/2022/06/drive-by-truckers-la-maroquinerie-paris.html
drive-by-truckers,Drive-By Truckers,2203486788621291531,https://www.electriceyerock.com/2022/06/jerry-joseph-la-maroquinerie-paris-june.html
drive-by-truckers,Drive-By Truckers,5617990215002944211,https://www.electriceyerock.com/2017/11/jason-isbell-400-unit-cafe-de-la-danse.html
duff-mckagan,Duff McKagan,3094638451486709593,https://www.electriceyerock.com/2026/07/guns-n-roses-accor-arena-paris-july-3rd.html
duff-mckagan,Duff McKagan,5367608758581641729,https://www.electriceyerock.com/2026/07/guns-n-roses-accor-arena-paris-july-1st.html
duff-mckagan,Duff McKagan,5809950114632544809,https://www.electriceyerock.com/2025/12/guns-n-roses-debuts-new-songs.html
duff-mckagan,Duff McKagan,4036872359144224631,https://www.electriceyerock.com/2025/11/guns-n-roses-confirmed-for-two-nights.html
duff-mckagan,Duff McKagan,8096002449346238699,https://www.electriceyerock.com/2025/03/the-new-guns-n-roses-drummer-is.html
duff-mckagan,Duff McKagan,5911897871866914886,https://www.electriceyerock.com/2025/03/frank-ferrer-leaves-guns-n-roses.html
duff-mckagan,Duff McKagan,5345421111066808879,https://www.electriceyerock.com/2025/02/black-sabbath-reunites-again.html
duff-mckagan,Duff McKagan,4055493161722057770,https://www.electriceyerock.com/2024/10/duff-mckagan-le-trianon-paris-october.html
duff-mckagan,Duff McKagan,6210270755824920752,https://www.electriceyerock.com/2024/04/duff-mckagan-will-play-paris-trianon.html
duff-mckagan,Duff McKagan,1092720167472718644,https://www.electriceyerock.com/2024/03/watch-trailer-for-upcoming-hollywood.html
duff-mckagan,Duff McKagan,1492069963574767227,https://www.electriceyerock.com/2024/01/watch-new-guns-n-roses-video-here.html
duff-mckagan,Duff McKagan,2351588407823146247,https://www.electriceyerock.com/2023/10/listen-to-duff-mckagans-new-record-here.html
duff-mckagan,Duff McKagan,1353161037545135283,https://www.electriceyerock.com/2023/07/guns-n-roses-la-defense-arena-nanterre.html
duff-mckagan,Duff McKagan,7834400461184238347,https://www.electriceyerock.com/2023/06/duff-mckagan-shares-details-on-new-solo.html
duff-mckagan,Duff McKagan,1968544455034986398,https://www.electriceyerock.com/2023/06/guns-n-roses-unearth-bunch-of-rarities.html
duff-mckagan,Duff McKagan,3236020113802786793,https://www.electriceyerock.com/2023/05/listen-to-duff-mckagans-new-solo-ep-here.html
duff-mckagan,Duff McKagan,9187717512217792694,https://www.electriceyerock.com/2023/04/slash-leaves-guns-n-roses-tour-to-go.html
duff-mckagan,Duff McKagan,7391956371572155902,https://www.electriceyerock.com/2023/02/guns-n-roses-announce-paris-date-for.html
duff-mckagan,Duff McKagan,8593241868697225527,https://www.electriceyerock.com/2019/09/duff-mckagan-shooter-jenning-le.html
duff-mckagan,Duff McKagan,2958407368482379540,https://www.electriceyerock.com/2019/06/album-review-duff-mckagan-tenderness.html
duff-mckagan,Duff McKagan,6074686158000711947,https://www.electriceyerock.com/2019/03/johnny-rotten-vs-punk-vs-world.html
duff-mckagan,Duff McKagan,3977085606551960666,https://www.electriceyerock.com/2018/06/guns-n-roses-stade-atlantique-bordeaux.html
duff-mckagan,Duff McKagan,8472647389343679710,https://www.electriceyerock.com/2018/06/guns-n-roses-download-paris-june-18th.html
duff-mckagan,Duff McKagan,1428002177371234943,https://www.electriceyerock.com/2017/07/guns-n-roses-stade-de-france-st-denis.html
duff-mckagan,Duff McKagan,2309681460263700270,https://www.electriceyerock.com/2016/08/guns-n-roses-qualcomm-stadium-san-diego.html
durand-jones,Durand Jones,7438542950402427474,https://www.electriceyerock.com/2025/05/durand-jones-indications-return-to.html
durand-jones,Durand Jones,1408674116875836429,https://www.electriceyerock.com/2025/03/durand-jones-indications-return-to.html
durand-jones,Durand Jones,2096320139987848639,https://www.electriceyerock.com/2023/08/durand-jones-les-etoiles-paris-august.html
durand-jones,Durand Jones,2527199491915687504,https://www.electriceyerock.com/2019/10/durand-jones-indications-le-trabendo.html
durand-jones-the-indications,Durand Jones & the Indications,1309821402955055252,https://www.electriceyerock.com/2026/02/durand-jones-indications-le-trianon.html
durand-jones-the-indications,Durand Jones & the Indications,7438542950402427474,https://www.electriceyerock.com/2025/05/durand-jones-indications-return-to.html
durand-jones-the-indications,Durand Jones & the Indications,1408674116875836429,https://www.electriceyerock.com/2025/03/durand-jones-indications-return-to.html
durand-jones-the-indications,Durand Jones & the Indications,2527199491915687504,https://www.electriceyerock.com/2019/10/durand-jones-indications-le-trabendo.html
durand-jones-the-indications,Durand Jones & the Indications,6559716912368083637,https://www.electriceyerock.com/2019/03/album-review-durand-jones-indications.html
dylan-leblanc,Dylan Leblanc,3177921619052116411,https://www.electriceyerock.com/2022/06/dylan-leblanc-la-maroquinerie-paris.html
dylan-triplett,Dylan Triplett,6538612666342685969,https://www.electriceyerock.com/2025/11/dylan-triplett-la-cigale-paris-november.html
e-l-r,E-L-R,8054991678542438765,https://www.electriceyerock.com/2022/03/e-l-r-nouveau-casino-paris-march-2nd.html
e-street-band,E Street Band,6970425544413732800,https://www.electriceyerock.com/2023/10/bruce-is-bringing-e-street-band-back-to.html
e-street-band,E Street Band,8744441217617196842,https://www.electriceyerock.com/2023/05/bruce-springsteen-and-e-street-band-la.html
e-street-band,E Street Band,759503980936354806,https://www.electriceyerock.com/2022/09/listen-to-bruce-springsteens-new-single.html
e-street-band,E Street Band,6772016477187454334,https://www.electriceyerock.com/2022/06/bruce-springsteen-announces-two-shows.html
e-street-band,E Street Band,9137332108222921138,https://www.electriceyerock.com/2017/06/little-steven-disciples-of-soul-la.html
e-street-band,E Street Band,8672705244779602880,https://www.electriceyerock.com/2012/07/bruce-springsteen-e-street-band.html
eagle-eye-cherry,Eagle Eye Cherry,5101956689269687532,https://www.electriceyerock.com/2024/12/eagle-eye-cherry-to-play-two-paris-area.html
eagle-eye-cherry,Eagle Eye Cherry,1961850493233925967,https://www.electriceyerock.com/2024/01/eagle-eye-cherry-la-cigale-paris.html
eagle-eye-cherry,Eagle Eye Cherry,3672168766755981226,https://www.electriceyerock.com/2023/03/eagle-eye-cherry-announces-new-2024-tour.html
eagle-eye-cherry,Eagle Eye Cherry,4340708392117485978,https://www.electriceyerock.com/2023/02/eagle-eye-cherry-la-maroquinerie-paris.html
earth,Earth,2898057220368255033,https://www.electriceyerock.com/2015/01/earth-la-maroquinerie-paris-january.html
earth,Earth,2021977598293507952,https://www.electriceyerock.com/2015/01/black-spirituals-la-maroquinerie-paris.html
earthmotion,EarthMotion,1019683182430558322,https://www.electriceyerock.com/2026/04/earth-motion-alhambra-paris-april-22nd.html
ebba-asman,Ebba Åsman,1201090328962837744,https://www.electriceyerock.com/2025/01/album-review-ebba-asman-when-you-know.html
edge-of-paradise,Edge of Paradise,6960489523136124307,https://www.electriceyerock.com/2024/09/edge-of-paradise-la-machine-du-moulin.html
eera,EERA,3002692824821757070,https://www.electriceyerock.com/2025/11/eera-alhambra-paris-november-15th-2025.html
eiv-r,Eivør,660445532304859366,https://www.electriceyerock.com/2025/09/eivr-casino-de-paris-september-28th-2025.html
eiv-r,Eivør,3779283743162007798,https://www.electriceyerock.com/2025/09/eivr-returns-to-paris-with-asgeir.html
electric-callboy,Electric Callboy,3285987327950578354,https://www.electriceyerock.com/2026/01/electric-callboy-le-zenith-paris.html
electric-callboy,Electric Callboy,5593179736102839950,https://www.electriceyerock.com/2026/01/bury-tomorrow-le-zenith-paris-january.html
electric-callboy,Electric Callboy,2542164659318268165,https://www.electriceyerock.com/2026/01/wargasm-le-zenith-paris-january-18th.html
electric-callboy,Electric Callboy,5675141894710873804,https://www.electriceyerock.com/2024/11/we-got-moves-electric-callboy-to-turn.html
electric-jaguar-baby,Electric Jaguar Baby,6407726449892342563,https://www.electriceyerock.com/2025/10/electric-jaguar-baby-cafe-de-la-danse.html
elegant-weapons,Elegant Weapons,4255695183800734264,https://www.electriceyerock.com/2023/06/elegant-weapons-alhambra-paris-june.html
elegant-weapons,Elegant Weapons,7010899539785294073,https://www.electriceyerock.com/2023/02/listen-to-elegant-weapons-first-single.html
elliott-murphy,Elliott Murphy,8521865801287487674,https://www.electriceyerock.com/2025/11/elliott-murphy-celebrates-his-birthday.html
elliott-murphy,Elliott Murphy,4207284290080956668,https://www.electriceyerock.com/2025/05/elliott-murphy-gibert-disc-paris-may.html
elton-john,Elton John,3087016823383713061,https://www.electriceyerock.com/2025/04/album-review-elton-john-brandi-carlile.html
eluveitie,Eluveitie,3997085871644252169,https://www.electriceyerock.com/2019/12/eluveitie-elysee-montmartre-paris.html
elyose,Elyose,4408248058108102543,https://www.electriceyerock.com/2025/01/elyose-la-machine-du-moulin-rouge-paris.html
em-beihold,Em Beihold,3174929647716353622,https://www.electriceyerock.com/2026/05/em-beihold-la-machine-du-moulin-rouge.html
em-beihold,Em Beihold,831724828724468491,https://www.electriceyerock.com/2026/05/erica-manzoli-la-machine-du-moulin.html
enhancer,Enhancer,424283901931718208,https://www.electriceyerock.com/2026/06/enhancer-hellfest-clisson-june-20th-2026.html
eric-clapton,Eric Clapton,6241465018394648188,https://www.electriceyerock.com/2026/08/eric-clapton-recreates-his-most-iconic.html
eric-clapton,Eric Clapton,5219093234440112331,https://www.electriceyerock.com/2026/02/christies-auctions-jim-irsay-collection.html
eric-clapton,Eric Clapton,5252192306441347807,https://www.electriceyerock.com/2025/05/eric-clapton-accor-arena-paris-may-31st.html
eric-clapton,Eric Clapton,4757958665710785093,https://www.electriceyerock.com/2025/01/eric-claptons-unplugged-over-thirty.html
eric-clapton,Eric Clapton,7471660502597003041,https://www.electriceyerock.com/2024/12/eric-clapton-to-return-to-paris-in-2025.html
eric-clapton,Eric Clapton,4868829360120189881,https://www.electriceyerock.com/2024/05/eric-clapton-accor-arena-paris-may-27th.html
eric-clapton,Eric Clapton,7989545750155558787,https://www.electriceyerock.com/2024/05/eric-clapton-accor-arena-paris-may-26th.html
eric-clapton,Eric Clapton,9165170997656751252,https://www.electriceyerock.com/2023/05/listen-to-jeff-becks-posthumous-song.html
eric-clapton,Eric Clapton,7158798416174351964,https://www.electriceyerock.com/2023/01/jeff-beck-1944-2023.html
eric-clapton,Eric Clapton,7499260740496628830,https://www.electriceyerock.com/2023/01/rip-jeff-beck.html
eric-clapton,Eric Clapton,8651833606385881831,https://www.electriceyerock.com/2022/09/ozzy-osbourne-patient-number-nine.html
eric-clapton,Eric Clapton,1988428375764235494,https://www.electriceyerock.com/2021/11/fridays-mondays-playlist-george.html
eric-clapton,Eric Clapton,5232616791650033278,https://www.electriceyerock.com/2021/10/fridays-playlist-mixing-desk-hero-tom.html
eric-clapton,Eric Clapton,2438256936409907234,https://www.electriceyerock.com/2020/03/fridays-playlist-eric-clapton-sessions.html
eric-clapton,Eric Clapton,2390240941853052409,https://www.electriceyerock.com/2020/02/fridays-playlist-awesome-guitar-solos.html
eric-clapton,Eric Clapton,4842623793717574221,https://www.electriceyerock.com/2020/01/fridays-playlist-layla-and-assorted.html
eric-clapton,Eric Clapton,7829326842414138496,https://www.electriceyerock.com/2019/08/play-it-loud-metropolitan-museum-of-art.html
eric-johnson,Eric Johnson,4109388515636342550,https://www.electriceyerock.com/2026/07/eric-johnson-la-machine-du-moulin-rouge.html
eric-johnson,Eric Johnson,862635546861226628,https://www.electriceyerock.com/2026/06/eric-johnson-to-shred-in-paris-in-july.html
erica-manzoli,Erica Manzoli,3174929647716353622,https://www.electriceyerock.com/2026/05/em-beihold-la-machine-du-moulin-rouge.html
erica-manzoli,Erica Manzoli,831724828724468491,https://www.electriceyerock.com/2026/05/erica-manzoli-la-machine-du-moulin.html
ethel-cain,Ethel Cain,6916649757704044000,https://www.electriceyerock.com/2025/03/ethel-cain-in-paris-for-two-nights-in.html
ethel-cain,Ethel Cain,6319825604469575302,https://www.electriceyerock.com/2025/01/album-review-ethel-cain-perverts.html
eugene-hutz,Eugene Hütz,4589048659110073883,https://www.electriceyerock.com/2025/11/gogol-bordello-announces-new-album.html
eugene-hutz,Eugene Hütz,1192072344279455854,https://www.electriceyerock.com/2025/10/a-conversation-with-eugene-hutz-of.html
europe,Europe,7366548987964910900,https://www.electriceyerock.com/2025/11/europe-to-celebrate-40-years-of-final.html
europe,Europe,7531976867235503927,https://www.electriceyerock.com/2023/10/europe-salle-pleyel-paris-october-14th.html
evan-honer,Evan Honer,5006777588254959288,https://www.electriceyerock.com/2026/01/evan-honer-la-maroquinerie-paris.html
evan-honer,Evan Honer,4122957464807603373,https://www.electriceyerock.com/2025/06/michael-marcagi-midwest-kid-in-paris.html
ewan-currie,Ewan Currie,1741500482528981785,https://www.electriceyerock.com/2024/11/a-conversation-with-ewan-currie-of.html
ewan-currie,Ewan Currie,396836948261662320,https://www.electriceyerock.com/2024/11/the-sheepdogs-badaboum-paris-november.html
ewan-currie,Ewan Currie,6721524756972944959,https://www.electriceyerock.com/2023/10/the-sheepdogs-olympia-paris-october.html
ewan-currie,Ewan Currie,7386825068849865225,https://www.electriceyerock.com/2022/06/the-sheepdogs-la-maroquinerie-paris.html
ewan-currie,Ewan Currie,8684474788530987392,https://www.electriceyerock.com/2019/06/the-sheepdogs-point-ephemere-paris-june.html
ex-deo,Ex Deo,5458530513417922811,https://www.electriceyerock.com/2025/01/ex-deo-la-machine-du-moulin-rouge-paris.html
ex-hex,Ex Hex,7425591982352858220,https://www.electriceyerock.com/2019/03/wait-what-year-is-this-ex-hex-are-three.html
exhorder,Exhorder,8279895402948590902,https://www.electriceyerock.com/2023/04/exhorder-trabendo-paris-april-26th-2023.html
exodus,Exodus,1596508426207222009,https://www.electriceyerock.com/2026/03/kreator-le-zenith-paris-march-24th-2026.html
exodus,Exodus,2737668372081751484,https://www.electriceyerock.com/2026/03/carcass-le-zenith-paris-march-24th-2026.html
exodus,Exodus,5101573600577112771,https://www.electriceyerock.com/2026/03/exodus-le-zenith-paris-march-24th-2026.html
exodus,Exodus,941237716104880962,https://www.electriceyerock.com/2026/03/nails-le-zenith-paris-march-24th-2026.html
exodus,Exodus,3271929683402210299,https://www.electriceyerock.com/2025/09/extreme-metal-summit-at-le-zenith-in.html
eyehategod,Eyehategod,3213942361814118621,https://www.electriceyerock.com/2026/06/eyehategod-hellfest-clisson-june-21st.html
fantastic-negrito,Fantastic Negrito,6791410201906520068,https://www.electriceyerock.com/2024/11/an-interview-with-fantastic-negrito.html
fantastic-negrito,Fantastic Negrito,3238188428152261263,https://www.electriceyerock.com/2024/10/fantastic-negrito-la-cigale-paris.html
fantastic-negrito,Fantastic Negrito,8384960900160449170,https://www.electriceyerock.com/2023/02/fantastic-negrito-cafe-de-la-danse.html
fantastic-negrito,Fantastic Negrito,9123153530844571684,https://www.electriceyerock.com/2019/07/fantastic-negrito-new-morning-paris.html
field-music,Field Music,6772184343702161615,https://www.electriceyerock.com/2018/04/field-music-flow-paris-april-7th-2018.html
finn-forster,Finn Forster,5938203443627350397,https://www.electriceyerock.com/2025/04/finn-forster-le-zenith-paris-april-29th.html
finneas,Finneas,7307331625092259553,https://www.electriceyerock.com/2025/05/finneas-le-trianon-paris-may-7th-2025.html
fish,Fish,7400155644942818891,https://www.electriceyerock.com/2015/01/fish-divan-du-monde-paris-january-27th.html
fishbone,Fishbone,344077430392906483,https://www.electriceyerock.com/2025/01/fishbones-new-line-up-to-make-its-paris.html
fishbone,Fishbone,4648700469196061152,https://www.electriceyerock.com/2024/04/fishbone-drama.html
fishbone,Fishbone,6612850487096331181,https://www.electriceyerock.com/2023/06/fishbone-bataclan-paris-june-16th-2023.html
fishbone,Fishbone,2601778812511129142,https://www.electriceyerock.com/2023/05/new-festival-alert-wall-of-clan.html
flamin-groovies,Flamin' Groovies,2129145098460682857,https://www.electriceyerock.com/2017/09/flamin-groovies-la-maroquinerie-paris.html
flea,Flea,2464282514414023979,https://www.electriceyerock.com/2026/05/flea-honora-band-alhambra-paris-may.html
fleshgod-apocalypse,Fleshgod Apocalypse,7941436331954190478,https://www.electriceyerock.com/2025/01/fleshgod-apocalypse-la-machine-du.html
fleshtones,Fleshtones,964098814541107539,https://www.electriceyerock.com/2025/06/the-fleshtones-in-paris-in-september.html
fleshtones,Fleshtones,8934278562251276039,https://www.electriceyerock.com/2014/12/the-fleshtones-divan-du-monde-paris.html
floor-jansen,Floor Jansen,3124541008960499514,https://www.electriceyerock.com/2026/08/floor-jansen-releases-new-video-tour.html
floral-image,Floral Image,5455486479423134865,https://www.electriceyerock.com/2026/02/floral-image-cafe-de-la-danse-paris.html
fm,FM,3684709677253959486,https://www.electriceyerock.com/2025/07/fm-announce-new-album-and-release-single.html
fm,FM,4615242698479798071,https://www.electriceyerock.com/2018/10/fm-bataclan-paris-october-15th-2018.html
fnac,FNAC,7171048929493550285,https://www.electriceyerock.com/2025/05/sparks-in-store-appearance-at-fnac-des.html
fnac,FNAC,6707682040028707590,https://www.electriceyerock.com/2025/01/larkin-poe-fnac-forum-paris-january.html
fnac,FNAC,4051530562892602291,https://www.electriceyerock.com/2025/01/southern-rock-sister-duo-larkin-poe.html
foals,Foals,5568433109304056152,https://www.electriceyerock.com/2019/03/album-review-foals-part-1-everything.html
folsom,Folsom,4376189645243318342,https://www.electriceyerock.com/2019/06/well-thats-embarrassing.html
foo-fighters,Foo Fighters,3296346068464100057,https://www.electriceyerock.com/2026/02/foo-fighters-announce-new-album-share.html
foo-fighters,Foo Fighters,6628735722877728625,https://www.electriceyerock.com/2023/06/check-out-replay-of-these-great-sets.html
foo-fighters,Foo Fighters,1652671997295304142,https://www.electriceyerock.com/2023/06/foo-fighters-live-at-rock-am-ring-live.html
foo-fighters,Foo Fighters,7463050782410144932,https://www.electriceyerock.com/2023/05/pre-save-foo-fighters-new-record-but.html
foo-fighters,Foo Fighters,2049946928924189466,https://www.electriceyerock.com/2022/09/taylor-hawkins-tribute-show-wembley.html
foo-fighters,Foo Fighters,1625753928574976008,https://www.electriceyerock.com/2017/07/foo-fighters-accorhotels-arena-paris.html
foreigner,Foreigner,8953327828603612052,https://www.electriceyerock.com/2022/10/foreigner-salle-pleyel-paris-october.html
fox-lake,Fox Lake,4056206503397676446,https://www.electriceyerock.com/2026/03/fox-lake-olympia-paris-march-15th-2026.html
francesco-turrisi,Francesco Turrisi,5849253261480266950,https://www.electriceyerock.com/2019/12/rhiannon-giddens-francesco-turrisi-cafe.html
francis-rossi,Francis Rossi,7172630870315073451,https://www.electriceyerock.com/2019/03/francis-rossi-hannah-rickard-we-talk.html
frankie-and-the-witch-fingers,Frankie and the Witch Fingers,8732173558341441291,https://www.electriceyerock.com/2026/03/frankie-witch-fingers-to-fk-sht-up-in.html
frankie-and-the-witch-fingers,Frankie and the Witch Fingers,3284723116220572118,https://www.electriceyerock.com/2025/11/frankie-and-witch-fingers-trabendo.html
frankie-and-the-witch-fingers,Frankie and the Witch Fingers,5613694712079551624,https://www.electriceyerock.com/2025/07/frankie-and-witch-fingers-in-paris-in.html
franz-ferdinand,Franz Ferdinand,6106580409643228693,https://www.electriceyerock.com/2026/04/rock-en-seines-full-line-up-revealed.html
franz-ferdinand,Franz Ferdinand,643976258502614767,https://www.electriceyerock.com/2025/09/franz-ferdinand-returns-to-paris-in.html
franz-ferdinand,Franz Ferdinand,2879519085534176253,https://www.electriceyerock.com/2025/01/album-review-franz-ferdinand-human-fear.html
fred-wesley,Fred Wesley,5234475963389878611,https://www.electriceyerock.com/2026/03/fred-wesley-generations-trio-new.html
fred-wesley,Fred Wesley,3672398215585424523,https://www.electriceyerock.com/2026/03/a-conversation-with-fred-wesley-video.html
fred-wesley,Fred Wesley,4332823696767421207,https://www.electriceyerock.com/2025/11/funk-legend-fred-wesley-will-bring-his.html
freedom-band,Freedom Band,8665536615605938893,https://www.electriceyerock.com/2019/03/album-review-ty-segall-freedom-band.html
friday-s-playlist,Friday's Playlist,4579274501673632187,https://www.electriceyerock.com/2026/08/fridays-playlist-dolly-rocks.html
friday-s-playlist,Friday's Playlist,904706650150525273,https://www.electriceyerock.com/2026/06/fridays-playlist-her-alternative-nation.html
friday-s-playlist,Friday's Playlist,3563979976210265059,https://www.electriceyerock.com/2026/05/fridays-playlist-change-is-gonna-come.html
friday-s-playlist,Friday's Playlist,3719200508138161116,https://www.electriceyerock.com/2026/05/fridays-playlist-mixing-desk-hero-jack.html
friday-s-playlist,Friday's Playlist,3174709867301316672,https://www.electriceyerock.com/2026/05/fridays-playlist-all-new-dudes.html
friday-s-playlist,Friday's Playlist,8200551084380929548,https://www.electriceyerock.com/2026/05/fridays-playlist-haunted-highways-texas.html
friday-s-playlist,Friday's Playlist,7116314139403063382,https://www.electriceyerock.com/2026/04/fridays-playlist-contemporary-bedroom.html
friday-s-playlist,Friday's Playlist,2526152154158755624,https://www.electriceyerock.com/2026/04/fridays-playlist-stoned-in-desert.html
friday-s-playlist,Friday's Playlist,2073130613575012966,https://www.electriceyerock.com/2026/04/fridays-playlist-jazzfunk-fusion.html
friday-s-playlist,Friday's Playlist,7918213641451563008,https://www.electriceyerock.com/2026/03/fridays-playlist-this-is-new-sht.html
friday-s-playlist,Friday's Playlist,5971536888028710696,https://www.electriceyerock.com/2026/02/fridays-playlist-nyhc.html
friday-s-playlist,Friday's Playlist,8370126359661824275,https://www.electriceyerock.com/2026/01/fridays-playlist-2025-in-concert.html
friday-s-playlist,Friday's Playlist,7269092301204714020,https://www.electriceyerock.com/2025/11/fridays-playlist-electric-eye.html
friday-s-playlist,Friday's Playlist,3828152786903278842,https://www.electriceyerock.com/2025/11/fridays-playlist-root-of-all-evil-early.html
friday-s-playlist,Friday's Playlist,3103068683981199869,https://www.electriceyerock.com/2025/10/fridays-playlist-happy-halloween-2025.html
friday-s-playlist,Friday's Playlist,7326510772906504762,https://www.electriceyerock.com/2025/10/fridays-playlist-songs-from-stripping.html
friday-s-playlist,Friday's Playlist,6291159384653057429,https://www.electriceyerock.com/2025/10/fridays-playlist-rip-space-ace.html
friday-s-playlist,Friday's Playlist,3479038620422598522,https://www.electriceyerock.com/2025/10/fridays-playlist-certified-bangers.html
friday-s-playlist,Friday's Playlist,7606479888118298214,https://www.electriceyerock.com/2025/09/fridays-playlist-sound-of-uprising.html
friday-s-playlist,Friday's Playlist,7734828931670318613,https://www.electriceyerock.com/2025/09/fridays-playlist-wanted-outlaw-country.html
friday-s-playlist,Friday's Playlist,5169737827199285646,https://www.electriceyerock.com/2025/08/fridays-playlist-feuds-diss-tracks.html
friday-s-playlist,Friday's Playlist,6869415956724038369,https://www.electriceyerock.com/2025/08/fridays-playlist-sole-power.html
friday-s-playlist,Friday's Playlist,171819747537026487,https://www.electriceyerock.com/2025/08/fridays-playlist-vacation.html
friday-s-playlist,Friday's Playlist,7568299591520638969,https://www.electriceyerock.com/2025/07/fridays-playlist-rip-ozzy-osbourne.html
friday-s-playlist,Friday's Playlist,3795315809158192687,https://www.electriceyerock.com/2025/07/fridays-playlist-future-of-blues-guitar.html
friday-s-playlist,Friday's Playlist,2551623195371935588,https://www.electriceyerock.com/2025/07/fridays-playlist-80s-movies.html
friday-s-playlist,Friday's Playlist,2286376849683413689,https://www.electriceyerock.com/2025/07/fridays-playlist-rough-cuts-demos-pt-2.html
friday-s-playlist,Friday's Playlist,8413441034149285402,https://www.electriceyerock.com/2025/06/fridays-playlist-cosmic-voyage.html
friday-s-playlist,Friday's Playlist,5125395608182886992,https://www.electriceyerock.com/2025/06/fridays-playlist-big-band-rock.html
friday-s-playlist,Friday's Playlist,1389296154009821619,https://www.electriceyerock.com/2025/06/fridays-playlist-hard-times.html
friday-s-playlist,Friday's Playlist,6203291366995807829,https://www.electriceyerock.com/1991/04/fridays-playlist-explicit.html
friday-s-playlist,Friday's Playlist,6421508957461921360,https://www.electriceyerock.com/2025/05/fridays-playlist-leave-this-old-city.html
friday-s-playlist,Friday's Playlist,4742487595862236110,https://www.electriceyerock.com/2025/05/fridays-playlist-mixing-desk-hero.html
friday-s-playlist,Friday's Playlist,7099795494500849132,https://www.electriceyerock.com/2025/05/fridays-playlist-sonic-museum.html
friday-s-playlist,Friday's Playlist,4517634727334719709,https://www.electriceyerock.com/2025/04/fridays-playlist-60s-70s-horror-rock.html
friday-s-playlist,Friday's Playlist,8688852370191632088,https://www.electriceyerock.com/2025/04/fridays-playlist-great-gig-in-sky.html
friday-s-playlist,Friday's Playlist,1392601531657781694,https://www.electriceyerock.com/2025/03/fridays-playlist-hangover-tunes.html
friday-s-playlist,Friday's Playlist,744323713530773686,https://www.electriceyerock.com/2025/03/fridays-playlist-playlist-they-dont.html
friday-s-playlist,Friday's Playlist,5348023517822513671,https://www.electriceyerock.com/2025/03/fridays-playlist-mixing-desk-hero-allen.html
friday-s-playlist,Friday's Playlist,7239929175618169465,https://www.electriceyerock.com/2025/02/fridays-playlist-cubist-blues.html
friday-s-playlist,Friday's Playlist,7476349356337927129,https://www.electriceyerock.com/2025/02/fridays-playlist-lovin-stereo.html
friday-s-playlist,Friday's Playlist,7728270264264596729,https://www.electriceyerock.com/2025/02/fridays-playlist-roots-twang-50.html
friday-s-playlist,Friday's Playlist,5972738813739097422,https://www.electriceyerock.com/2025/02/fridays-playlist-gypsy-punk-not-dead.html
friday-s-playlist,Friday's Playlist,3571040577081820875,https://www.electriceyerock.com/2025/01/fridays-playlist-rough-cuts-demos.html
friday-s-playlist,Friday's Playlist,3366392465870711251,https://www.electriceyerock.com/2025/01/fridays-playlist-in-heaven-everything.html
friday-s-playlist,Friday's Playlist,4311578605664536322,https://www.electriceyerock.com/2025/01/fridays-playlist-waves-of-darkness.html
friday-s-playlist,Friday's Playlist,6675814301477920205,https://www.electriceyerock.com/2025/01/fridays-playlist-new-year-new-sounds.html
friday-s-playlist,Friday's Playlist,7598812793630221947,https://www.electriceyerock.com/2025/01/fridays-playlist-our-2024-concert-recap.html
friday-s-playlist,Friday's Playlist,1820784771573979349,https://www.electriceyerock.com/2024/01/fridays-playlist-memento-mori.html
friday-s-playlist,Friday's Playlist,5470235059728414739,https://www.electriceyerock.com/2023/12/fridays-playlist-2023-concerts.html
friday-s-playlist,Friday's Playlist,1081290167064794504,https://www.electriceyerock.com/2023/12/fridays-playlist-anti-solos-and-one.html
friday-s-playlist,Friday's Playlist,6286263352461566990,https://www.electriceyerock.com/2023/10/fridays-playlist-more-stuff.html
friday-s-playlist,Friday's Playlist,4017241358108823770,https://www.electriceyerock.com/2023/02/fridays-playlist-ripbb.html
friday-s-playlist,Friday's Playlist,218994411280184463,https://www.electriceyerock.com/2023/01/fridays-playlist-rip-david-crosby.html
friday-s-playlist,Friday's Playlist,6587838000013709121,https://www.electriceyerock.com/2023/01/fridays-playlist-ripjb.html
friday-s-playlist,Friday's Playlist,4007238671433430963,https://www.electriceyerock.com/2022/12/fridays-playlist-concerts-of-2022.html
friday-s-playlist,Friday's Playlist,4303280262109092306,https://www.electriceyerock.com/2022/12/fridays-playlist-odes-to-onan.html
friday-s-playlist,Friday's Playlist,6939280639394856962,https://www.electriceyerock.com/2022/12/fridays-playlist-rip-christine-mcvie.html
friday-s-playlist,Friday's Playlist,8203080552496766470,https://www.electriceyerock.com/2022/09/fridays-playlist-queen-is-dead.html
friday-s-playlist,Friday's Playlist,537468136879327921,https://www.electriceyerock.com/2022/07/fridays-playlist-voodoo-rock.html
friday-s-playlist,Friday's Playlist,4735671783489128577,https://www.electriceyerock.com/2022/06/fridays-playlist-americana.html
friday-s-playlist,Friday's Playlist,1610353035664431974,https://www.electriceyerock.com/2022/06/fridays-playlist-stuff.html
friday-s-playlist,Friday's Playlist,3804551956978832884,https://www.electriceyerock.com/2022/06/fridays-playlist-elliot-easton-sessions.html
friday-s-playlist,Friday's Playlist,7868510053332712892,https://www.electriceyerock.com/2022/06/fridays-playlist-happy-pride-month.html
friday-s-playlist,Friday's Playlist,6969065840201392935,https://www.electriceyerock.com/2022/05/fridays-playlist-last-weeks-originals.html
friday-s-playlist,Friday's Playlist,727069340473181708,https://www.electriceyerock.com/2022/04/fridays-playlist-awesome-covers-part.html
friday-s-playlist,Friday's Playlist,8181136931668453708,https://www.electriceyerock.com/2022/04/fridays-playlist-awesome-bass-solos-pt3.html
friday-s-playlist,Friday's Playlist,7307861545240698295,https://www.electriceyerock.com/2022/04/fridays-playlist-awesome-guitar-solos.html
friday-s-playlist,Friday's Playlist,4134088118842963789,https://www.electriceyerock.com/2022/04/fridays-playlist-ollie-halsall-sessions.html
friday-s-playlist,Friday's Playlist,4515086203988827785,https://www.electriceyerock.com/2022/04/fridays-playlist-john-mcgeoch-sessions.html
friday-s-playlist,Friday's Playlist,1872153292468946756,https://www.electriceyerock.com/2022/03/fridays-playlist-gibberish-songs.html
friday-s-playlist,Friday's Playlist,6634206315459634891,https://www.electriceyerock.com/2022/03/fridays-playlist-psycho-killer.html
friday-s-playlist,Friday's Playlist,4587571542231043045,https://www.electriceyerock.com/2022/03/fridays-playlist-celtic-rock.html
friday-s-playlist,Friday's Playlist,6083769382831904777,https://www.electriceyerock.com/2022/01/fridays-playlist-gospel-rock.html
friday-s-playlist,Friday's Playlist,5069478039184807193,https://www.electriceyerock.com/2022/02/fridays-playlist-modern-music.html
friday-s-playlist,Friday's Playlist,2307893610637805632,https://www.electriceyerock.com/2022/02/fridays-playlist-ego-bands.html
friday-s-playlist,Friday's Playlist,5188081859344860183,https://www.electriceyerock.com/2022/02/fridays-playlist-reggae.html
friday-s-playlist,Friday's Playlist,900111687676300797,https://www.electriceyerock.com/2022/02/fridays-playlist-gorgeous-vocal.html
friday-s-playlist,Friday's Playlist,7772040770442318076,https://www.electriceyerock.com/2021/11/fridays-playlist-twin-guitar-attacks.html
friday-s-playlist,Friday's Playlist,4399890500175312233,https://www.electriceyerock.com/2022/01/fridays-playlist-complex-pop-songs.html
friday-s-playlist,Friday's Playlist,6971939431314692685,https://www.electriceyerock.com/2022/01/fridays-playlist-third-stream.html
friday-s-playlist,Friday's Playlist,5593133533775041396,https://www.electriceyerock.com/2022/01/fridays-playlist-gary-lucas-sessions.html
friday-s-playlist,Friday's Playlist,8746862784843503627,https://www.electriceyerock.com/2021/12/fridays-playlist-best-of-2021.html
friday-s-playlist,Friday's Playlist,5978078701545711909,https://www.electriceyerock.com/2021/12/fridays-playlist-thank-you-for-talkin.html
friday-s-playlist,Friday's Playlist,7358843701583335684,https://www.electriceyerock.com/2021/12/fridays-playlist-unsung-guitar-heroes.html
friday-s-playlist,Friday's Playlist,4514746873156821020,https://www.electriceyerock.com/2021/12/fridays-playlist-robert-quine-sessions.html
friday-s-playlist,Friday's Playlist,3651437524185814177,https://www.electriceyerock.com/2021/12/fridays-playlist-madchester-and-rave.html
friday-s-playlist,Friday's Playlist,8969298000177729501,https://www.electriceyerock.com/2021/11/fridays-playlist-prog-rock-pond-scum.html
friday-s-playlist,Friday's Playlist,8502238999075859408,https://www.electriceyerock.com/2021/11/fridays-playlist-power-ballads.html
friday-s-playlist,Friday's Playlist,3096538117204879226,https://www.electriceyerock.com/2021/11/fridays-playlist-shredders.html
friday-s-playlist,Friday's Playlist,5319548300328057194,https://www.electriceyerock.com/2021/11/fridays-playlist-awesome-bass-solos-pt-2.html
friday-s-playlist,Friday's Playlist,7418694729678249451,https://www.electriceyerock.com/2021/10/fridays-playlist-great-vocal.html
friday-s-playlist,Friday's Playlist,5208808827753382040,https://www.electriceyerock.com/2021/10/fridays-playlist-just-cool-rock-shit-pt2.html
friday-s-playlist,Friday's Playlist,8167340472466802976,https://www.electriceyerock.com/2021/10/fridays-playlist-instru-mentals.html
friday-s-playlist,Friday's Playlist,5232616791650033278,https://www.electriceyerock.com/2021/10/fridays-playlist-mixing-desk-hero-tom.html
friday-s-playlist,Friday's Playlist,6870470537069031855,https://www.electriceyerock.com/2021/10/fridays-playlist-awesome-guitar-solos.html
friday-s-playlist,Friday's Playlist,4150677811369885457,https://www.electriceyerock.com/2021/09/fridays-playlist-rhythm-in-peace.html
friday-s-playlist,Friday's Playlist,4006250032968092756,https://www.electriceyerock.com/2021/08/fridays-playlist-pretty-songs.html
friday-s-playlist,Friday's Playlist,2896607517201569789,https://www.electriceyerock.com/2021/07/fridays-playlist-lets-get-brootal.html
friday-s-playlist,Friday's Playlist,6116963507080794557,https://www.electriceyerock.com/2021/07/fridays-playlist-funny-songs.html
friday-s-playlist,Friday's Playlist,8722055418536886424,https://www.electriceyerock.com/2021/07/fridays-playlist-happy-birthday-maggot.html
friday-s-playlist,Friday's Playlist,8073384665117912241,https://www.electriceyerock.com/2021/07/fridays-playlist-awesome-guitar-solos.html
friday-s-playlist,Friday's Playlist,3064786396498170507,https://www.electriceyerock.com/2021/06/fridays-playlist-awesome-bass-solos-pt1.html
friday-s-playlist,Friday's Playlist,5884906666607567132,https://www.electriceyerock.com/2021/06/songs-from-brill-building.html
friday-s-playlist,Friday's Playlist,5211043925291294127,https://www.electriceyerock.com/2021/01/fridays-playlist-happy-new-year-and.html
friday-s-playlist,Friday's Playlist,7529626689984440245,https://www.electriceyerock.com/2020/11/fridays-playlist-awesome-beatles-cover.html
friday-s-playlist,Friday's Playlist,7675735485831695554,https://www.electriceyerock.com/2020/11/fridays-playlist-variations-on-bo.html
friday-s-playlist,Friday's Playlist,4884946077021272801,https://www.electriceyerock.com/2020/11/fridays-playlist-awesome-beatles-covers.html
friday-s-playlist,Friday's Playlist,9217018481249205717,https://www.electriceyerock.com/2020/10/fridays-playlist-fuck-trump-go-vote.html
friday-s-playlist,Friday's Playlist,7578604748915900945,https://www.electriceyerock.com/2020/10/fridays-playlist-rap-and-hip-hop.html
friday-s-playlist,Friday's Playlist,4767992535072974435,https://www.electriceyerock.com/2020/10/fridays-playlist-awesome-beatles-covers.html
friday-s-playlist,Friday's Playlist,4727708669056918672,https://www.electriceyerock.com/2020/10/fridays-playlist-just-cool-rock-shit.html
friday-s-playlist,Friday's Playlist,1368477142979362132,https://www.electriceyerock.com/2020/09/fridays-playlist-eponymous-songs.html
friday-s-playlist,Friday's Playlist,4632192447619681790,https://www.electriceyerock.com/2020/09/fridays-playlist-mixing-desk-hero-bob.html
friday-s-playlist,Friday's Playlist,4367369425669846290,https://www.electriceyerock.com/2020/09/fridays-playlist-children-of-jimi.html
friday-s-playlist,Friday's Playlist,4505518906705641971,https://www.electriceyerock.com/2020/09/fridays-playlist-southern-rock-epics.html
friday-s-playlist,Friday's Playlist,2456946570664612664,https://www.electriceyerock.com/2020/09/fridays-playlist-make-it-funky.html
friday-s-playlist,Friday's Playlist,7080401538161250535,https://www.electriceyerock.com/2020/08/fridays-playlist-thrash-death-and-black.html
friday-s-playlist,Friday's Playlist,5431942869794239221,https://www.electriceyerock.com/2020/08/fridays-playlist-great-live.html
friday-s-playlist,Friday's Playlist,3599542957267033205,https://www.electriceyerock.com/2020/08/fridays-playlist-awesome-guitar-solos.html
friday-s-playlist,Friday's Playlist,3661582300247925350,https://www.electriceyerock.com/2020/08/fridays-playlist-songs-about-real-people.html
friday-s-playlist,Friday's Playlist,2896586734683367007,https://www.electriceyerock.com/2020/07/fridays-playlist-free-jazz.html
friday-s-playlist,Friday's Playlist,1272766445233370171,https://www.electriceyerock.com/2020/07/fridays-playlist-welcome-to-new-orleans.html
friday-s-playlist,Friday's Playlist,4463205451514931965,https://www.electriceyerock.com/2020/07/fridays-playlist-unusual-songs-by.html
friday-s-playlist,Friday's Playlist,8882332403415508247,https://www.electriceyerock.com/2020/07/fridays-playlist-songs-with-sequels.html
friday-s-playlist,Friday's Playlist,3721690197527056436,https://www.electriceyerock.com/2020/07/fridays-playlist-canterbury-scene.html
friday-s-playlist,Friday's Playlist,6222075056498683305,https://www.electriceyerock.com/2020/06/fridays-playlist-welcome-to-apocalypse.html
friday-s-playlist,Friday's Playlist,2438256936409907234,https://www.electriceyerock.com/2020/03/fridays-playlist-eric-clapton-sessions.html
friday-s-playlist,Friday's Playlist,1720324729280106216,https://www.electriceyerock.com/2020/03/fridays-playlist-rock-operas-concept.html
friday-s-playlist,Friday's Playlist,5417901119305502070,https://www.electriceyerock.com/2020/02/fridays-playlist-filthy-lucre.html
friday-s-playlist,Friday's Playlist,9166712390950902219,https://www.electriceyerock.com/2020/02/fridays-playlist-flying-solo.html
friday-s-playlist,Friday's Playlist,2390240941853052409,https://www.electriceyerock.com/2020/02/fridays-playlist-awesome-guitar-solos.html
friday-s-playlist,Friday's Playlist,6981178885433499655,https://www.electriceyerock.com/2020/01/fridays-playlist-last-weeks-originals.html
friday-s-playlist,Friday's Playlist,3993465178617483854,https://www.electriceyerock.com/2020/01/fridays-playlist-awesome-covers-part.html
friday-s-playlist,Friday's Playlist,4842623793717574221,https://www.electriceyerock.com/2020/01/fridays-playlist-layla-and-assorted.html
friday-s-playlist,Friday's Playlist,478890040675061692,https://www.electriceyerock.com/2020/01/fridays-playlist-slash-sessions.html
friday-s-playlist,Friday's Playlist,1158533944436168877,https://www.electriceyerock.com/2020/01/fridays-playlist-great-live.html
friday-s-playlist,Friday's Playlist,4102591067490247024,https://www.electriceyerock.com/2019/12/fridays-playlist-blues-classics.html
friday-s-playlist,Friday's Playlist,359131048528745795,https://www.electriceyerock.com/2019/12/fridays-playlist-trip-hop-techno.html
friday-s-playlist,Friday's Playlist,6109867598857686080,https://www.electriceyerock.com/2019/12/fridays-playlist-new-jazz.html
friday-s-playlist,Friday's Playlist,4309630624829153311,https://www.electriceyerock.com/2019/12/fridays-playlist-awesome-guitar-solos.html
friday-s-playlist,Friday's Playlist,8803405120689840004,https://www.electriceyerock.com/2019/11/fridays-playlist-last-weeks-originals.html
friday-s-playlist,Friday's Playlist,6507618438441958948,https://www.electriceyerock.com/2019/11/fridays-playlist-awesome-covers-part-two.html
friday-s-playlist,Friday's Playlist,796317120061443428,https://www.electriceyerock.com/2019/10/fridays-playlist-robert-fripp-sessions.html
friday-s-playlist,Friday's Playlist,2800996961890914880,https://www.electriceyerock.com/2019/10/fridays-playlist-happy-chuck-berry-day.html
friday-s-playlist,Friday's Playlist,2637720958971536178,https://www.electriceyerock.com/2019/10/fridays-playlist-rip-ginger-baker.html
friday-s-playlist,Friday's Playlist,7912847967210345082,https://www.electriceyerock.com/2019/10/fridays-playlist-fictional-bands.html
friday-s-playlist,Friday's Playlist,5808337602299345193,https://www.electriceyerock.com/2019/09/fridays-playlist-last-weeks-originals.html
friday-s-playlist,Friday's Playlist,7174372777884231747,https://www.electriceyerock.com/2019/09/fridays-playlist-awesome-covers-part-one.html
friday-s-playlist,Friday's Playlist,3112552504319531091,https://www.electriceyerock.com/2019/09/fridays-playlist-back-to-school.html
friday-s-playlist,Friday's Playlist,8601567141336987278,https://www.electriceyerock.com/2019/09/fridays-playlist-new-wave-of-british.html
friday-s-playlist,Friday's Playlist,7382607665552829187,https://www.electriceyerock.com/2019/08/fridays-playlist-parkas-bowl-cuts-80s.html
friday-s-playlist,Friday's Playlist,1102774103806932971,https://www.electriceyerock.com/2019/08/fridays-playlist-post-rock-noise-rock.html
friday-s-playlist,Friday's Playlist,95387562388267424,https://www.electriceyerock.com/2019/08/fridays-playlist-new-york-ny.html
friday-s-playlist,Friday's Playlist,8159536788448361828,https://www.electriceyerock.com/2019/08/fridays-playlist-best-of-2019.html
friday-s-playlist,Friday's Playlist,4099998552533498870,https://www.electriceyerock.com/2019/07/fridays-playlist-freak-out-guitar-solos.html
friday-s-playlist,Friday's Playlist,6123830116087250989,https://www.electriceyerock.com/2019/07/fridays-playlist-symphonic-metal.html
friday-s-playlist,Friday's Playlist,4243861207921121145,https://www.electriceyerock.com/2019/07/fridays-playlist-bastille-day.html
friday-s-playlist,Friday's Playlist,9069955546494167979,https://www.electriceyerock.com/2019/07/fridays-playlist-independence-day.html
friday-s-playlist,Friday's Playlist,3893205217374555701,https://www.electriceyerock.com/2019/06/fridays-playlist-sounds-of-summer.html
friday-s-playlist,Friday's Playlist,2699914293934194137,https://www.electriceyerock.com/2019/06/fridays-playlist-fete-de-la-musique-2019.html
friday-s-playlist,Friday's Playlist,3524986894439185758,https://www.electriceyerock.com/2019/06/fridays-playlist-songs-of-debauchery.html
friday-s-playlist,Friday's Playlist,8969445565877014328,https://www.electriceyerock.com/2019/06/fridays-playlist-songs-of-war.html
friday-s-playlist,Friday's Playlist,8265951659300584248,https://www.electriceyerock.com/2019/05/fridays-playlist-jazz-classics.html
friday-s-playlist,Friday's Playlist,7788623723624251522,https://www.electriceyerock.com/2019/05/fridays-playlist-kraut-rock.html
friday-s-playlist,Friday's Playlist,499927284983679302,https://www.electriceyerock.com/2019/05/fridays-playlist-rustic-ballads.html
friday-s-playlist,Friday's Playlist,4758068236306752975,https://www.electriceyerock.com/2019/04/fridays-playlist-children-of-sabbath.html
friday-s-playlist,Friday's Playlist,3806270956900398722,https://www.electriceyerock.com/2019/04/fridays-playlist-hair-farmers-sleaze.html
friday-s-playlist,Friday's Playlist,1865223261884094894,https://www.electriceyerock.com/2019/04/fridays-playlist-founding-fathers.html
friday-s-playlist,Friday's Playlist,8502794343826727118,https://www.electriceyerock.com/2019/04/fridays-playlist-goatees-flannel-shirts.html
friday-s-playlist,Friday's Playlist,242900589698604633,https://www.electriceyerock.com/2019/03/fridays-playlist-sad-shit.html
friday-s-playlist,Friday's Playlist,832113073368675532,https://www.electriceyerock.com/2019/03/fridays-playlist-bawdy-ribald-songs.html
friday-s-playlist,Friday's Playlist,1167745509685814469,https://www.electriceyerock.com/2019/03/fridays-playlist-ry-cooder-sessions.html
friday-s-playlist,Friday's Playlist,2129171822315090129,https://www.electriceyerock.com/2019/03/fridays-playlist-new-wave-post-punk.html
friday-s-playlist,Friday's Playlist,5606973163091272713,https://www.electriceyerock.com/2019/03/fridays-playlist-fusion-hits.html
friday-s-playlist,Friday's Playlist,1955432718048670012,https://www.electriceyerock.com/2019/02/fridays-playlist-power-pop.html
friday-s-playlist,Friday's Playlist,699269050236777098,https://www.electriceyerock.com/2019/02/fridays-playlist-60s-70s-b-list.html
friday-s-playlist,Friday's Playlist,5326499731995874183,https://www.electriceyerock.com/2019/02/fridays-playlist-60s-acid-casualties.html
friday-s-playlist,Friday's Playlist,7743800357344238409,https://www.electriceyerock.com/2019/02/fridays-playlist-songs-of-bile-and.html
friday-s-playlist,Friday's Playlist,5092519113373342036,https://www.electriceyerock.com/2019/01/fridays-playlist-chamber-pop.html
funkadelic,Funkadelic,4379148512202738137,https://www.electriceyerock.com/2020/10/fridays-mondays-playlist-bootsy-collins.html
funkadelic,Funkadelic,5788900228042170207,https://www.electriceyerock.com/2018/07/george-clinton-parliamentfunkadelic.html
ga-20,GA-20,7905984601166164254,https://www.electriceyerock.com/2026/08/ga-20-bring-blues-back-to-paris-in-fall.html
ga-20,GA-20,3453279719982101017,https://www.electriceyerock.com/2025/08/check-out-ga-20s-new-ep-here.html
ga-20,GA-20,4530427964477194457,https://www.electriceyerock.com/2025/04/ga-20-les-etoiles-paris-april-28th-2025.html
ga-20,GA-20,5936485630451589731,https://www.electriceyerock.com/2025/04/ga-20-to-bring-their-heavy-roots-rock.html
gaelle-buswel,Gaëlle Buswel,9005315054237649956,https://www.electriceyerock.com/2026/06/gaelle-buswel-bataclan-paris-june-12th.html
gaelle-buswel,Gaëlle Buswel,303898491177059921,https://www.electriceyerock.com/2026/04/patrick-rondat-la-maroquinerie-paris.html
gaelle-buswel,Gaëlle Buswel,965749336082689810,https://www.electriceyerock.com/2024/04/gaelle-buswel-alhambra-paris-april-30th.html
galactic-empire,Galactic Empire,2747266111883563852,https://www.electriceyerock.com/2023/11/galactic-empire-les-etoiles-paris.html
gang-of-four,Gang of Four,7449109629965869256,https://www.electriceyerock.com/2025/07/gang-of-four-le-trianon-paris-july-1st.html
gang-of-four,Gang of Four,4749278279811271389,https://www.electriceyerock.com/2025/06/gang-of-four-co-celebrate-45-years-of.html
gans,Gans,4719799020412306310,https://www.electriceyerock.com/2026/04/gans-bataclan-paris-april-21st-2026.html
garbage,Garbage,8655796508493972819,https://www.electriceyerock.com/2026/05/garbage-le-zenith-paris-may-25th-2026.html
garbage,Garbage,5154569846033004642,https://www.electriceyerock.com/2026/05/skunk-anansie-le-zenith-paris-may-25th.html
garbage,Garbage,8209209496730363200,https://www.electriceyerock.com/2026/05/grove-le-zenith-paris-may-25th-2026.html
garbage,Garbage,467799280343597649,https://www.electriceyerock.com/2026/01/garbage-and-skunk-anansie-in-paris-in.html
garbage,Garbage,11941408085034839,https://www.electriceyerock.com/2025/06/album-review-garbage-let-all-that-we.html
garbage,Garbage,7733934893588440717,https://www.electriceyerock.com/2024/07/garbage-le-grand-rex-paris-july-6th-2024.html
gary-clark-jr,Gary Clark Jr.,6395396863814988557,https://www.electriceyerock.com/2024/02/gary-clark-jr-to-play-la-salle-pleyel.html
gary-clark-jr,Gary Clark Jr.,6004341781326066608,https://www.electriceyerock.com/2019/06/gary-clark-jr-la-cigale-paris-june-22nd.html
gary-clark-jr,Gary Clark Jr.,4028884412349133838,https://www.electriceyerock.com/2019/02/album-review-gary-clark-jr-signs.html
gary-lucas,Gary Lucas,5593133533775041396,https://www.electriceyerock.com/2022/01/fridays-playlist-gary-lucas-sessions.html
gary-lucas,Gary Lucas,2146195367306729469,https://www.electriceyerock.com/2021/11/gary-lucas-sunsetsunside-paris-november.html
gauvain-sers,Gauvain Sers,3193678338922733540,https://www.electriceyerock.com/2026/05/renaud-et-ses-invites-le-zenith-paris.html
gauvain-sers,Gauvain Sers,6874813744395277530,https://www.electriceyerock.com/2017/05/gauvain-sers-le-zenith-paris-may-20th.html
generation-sex,Generation Sex,7184280128899799870,https://www.electriceyerock.com/2023/07/generation-sex-la-defense-arena.html
generations,Generations,5234475963389878611,https://www.electriceyerock.com/2026/03/fred-wesley-generations-trio-new.html
generations,Generations,3672398215585424523,https://www.electriceyerock.com/2026/03/a-conversation-with-fred-wesley-video.html
genesis,Genesis,6424740744677579566,https://www.electriceyerock.com/2026/08/watch-hackett-rotherys-red-dragon-and.html
genesis,Genesis,268550696156353460,https://www.electriceyerock.com/2026/05/steve-hackett-salle-pleyel-paris-may.html
genesis,Genesis,4567713664391688575,https://www.electriceyerock.com/2025/09/steve-hackett-returns-to-paris-with.html
genesis,Genesis,640002488673059996,https://www.electriceyerock.com/2025/03/the-musical-box-bataclan-paris-march.html
genesis,Genesis,576540177836696617,https://www.electriceyerock.com/2025/01/the-musical-box-to-recreate-iconic.html
genesis,Genesis,2986559290279888674,https://www.electriceyerock.com/2023/04/steve-hackett-genesis-revisited-la.html
genesis,Genesis,5309076457116702701,https://www.electriceyerock.com/2022/03/genesis-la-defense-arena-nanterre-march.html
genesis,Genesis,7833926848915439862,https://www.electriceyerock.com/2021/11/steve-hackett-genesis-revisited-salle.html
genesis-revisited,Genesis Revisited,4567713664391688575,https://www.electriceyerock.com/2025/09/steve-hackett-returns-to-paris-with.html
genesis-revisited,Genesis Revisited,2986559290279888674,https://www.electriceyerock.com/2023/04/steve-hackett-genesis-revisited-la.html
genesis-revisited,Genesis Revisited,7833926848915439862,https://www.electriceyerock.com/2021/11/steve-hackett-genesis-revisited-salle.html
george-clinton,George Clinton,3672398215585424523,https://www.electriceyerock.com/2026/03/a-conversation-with-fred-wesley-video.html
george-clinton,George Clinton,5788900228042170207,https://www.electriceyerock.com/2018/07/george-clinton-parliamentfunkadelic.html
george-thorogood,George Thorogood,3920511383150695095,https://www.electriceyerock.com/2026/06/george-thorogood-destroyers-bataclan.html
george-thorogood,George Thorogood,4627394721491411036,https://www.electriceyerock.com/2026/05/george-thorogood-in-paris.html
ghost,Ghost,5966631711946966036,https://www.electriceyerock.com/2025/04/album-review-ghost-skeleta.html
girl-tones,Girl Tones,5109215071216803279,https://www.electriceyerock.com/2025/02/girl-tones-le-zenith-paris-february.html
girlschool,Girlschool,6795682918765690239,https://www.electriceyerock.com/2016/11/girlschool-le-trianon-paris-november.html
glenn-hughes,Glenn Hughes,1388215988215862771,https://www.electriceyerock.com/2026/08/glenn-hughes-retires-from-touring.html
glenn-hughes,Glenn Hughes,882819591600476372,https://www.electriceyerock.com/2023/05/glenn-hughes-exits-dead-daisies-new.html
glenn-hughes,Glenn Hughes,5626750354542005159,https://www.electriceyerock.com/2018/11/glenn-hughes-elysee-montmartre-paris.html
godsleep,Godsleep,7599656422397371754,https://www.electriceyerock.com/2026/05/godsleep-supersonic-records-paris-may.html
godsleep,Godsleep,2418529105226122113,https://www.electriceyerock.com/2026/05/howling-giant-supersonic-records-paris.html
gogol-bordello,Gogol Bordello,4589048659110073883,https://www.electriceyerock.com/2025/11/gogol-bordello-announces-new-album.html
gogol-bordello,Gogol Bordello,686683043273130742,https://www.electriceyerock.com/2025/10/gogol-bordello-le-trianon-paris-october.html
gogol-bordello,Gogol Bordello,1192072344279455854,https://www.electriceyerock.com/2025/10/a-conversation-with-eugene-hutz-of.html
gogol-bordello,Gogol Bordello,384659929520341241,https://www.electriceyerock.com/2025/03/gogol-bordello-to-embark-on-eu-tour-in.html
gogol-bordello,Gogol Bordello,7763652124365716246,https://www.electriceyerock.com/2023/06/gogol-bordello-elysee-montmartre-paris.html
gogol-bordello,Gogol Bordello,1405281720820062054,https://www.electriceyerock.com/2023/04/gogol-bordello-announces-new-tour.html
gogol-bordello,Gogol Bordello,3873589841824857591,https://www.electriceyerock.com/2019/02/5-questions-with-boris-pelekh-of-gogol.html
gogol-bordello,Gogol Bordello,962787080823286928,https://www.electriceyerock.com/2017/12/gogol-bordello-le-trianon-paris.html
gonzalo-rubalcaba,Gonzalo Rubalcaba,3184102789250882467,https://www.electriceyerock.com/2022/11/gonzalo-rubalcaba-salle-pleyel-paris.html
gorgoroth,Gorgoroth,5383872472588361765,https://www.electriceyerock.com/2026/03/gorgoroth-petit-bain-paris-march-25th.html
gorgoroth,Gorgoroth,2394142234511234561,https://www.electriceyerock.com/2025/12/gorgoroth-returns-to-paris-next-year.html
gorgoroth,Gorgoroth,7611300292267644193,https://www.electriceyerock.com/2025/03/gorgoroth-in-paris-last-tickets.html
gov-t-mule,Gov't Mule,9132053675050017991,https://www.electriceyerock.com/2025/07/warren-haynes-la-cigale-paris-july-8th.html
gov-t-mule,Gov't Mule,4403718647023411205,https://www.electriceyerock.com/2025/05/warren-haynes-to-play-solo-show-in.html
gov-t-mule,Gov't Mule,6672300345679873802,https://www.electriceyerock.com/2023/11/govt-mule-trianon-paris-november-11th.html
gov-t-mule,Gov't Mule,3978821112345452318,https://www.electriceyerock.com/2023/06/govt-mule-announces-new-tour.html
gov-t-mule,Gov't Mule,5811992726850794193,https://www.electriceyerock.com/2023/04/listen-to-new-govt-mule-single-and-pre.html
gov-t-mule,Gov't Mule,5933559069260935671,https://www.electriceyerock.com/2023/03/slash-billy-gibbons-chuck-leavell.html
gov-t-mule,Gov't Mule,7447942750666479244,https://www.electriceyerock.com/2019/06/govt-mule-la-cigale-paris-june-4th-2019.html
gov-t-mule,Gov't Mule,842379005049820687,https://www.electriceyerock.com/2017/10/govt-mule-le-trianon-paris-october-30th.html
gov-t-mule,Gov't Mule,6552731648461486696,https://www.electriceyerock.com/2015/05/govt-mule-la-cigale-paris-may-5-2015.html
great-white,Great White,3414130219795024045,https://www.electriceyerock.com/2019/08/10-questions-with-mark-kendall-of-great.html
gregory-alan-isakov,Gregory Alan Isakov,4871648333923974603,https://www.electriceyerock.com/2022/11/gregory-alan-isakov-trabendo-paris.html
grove,Grove,8209209496730363200,https://www.electriceyerock.com/2026/05/grove-le-zenith-paris-may-25th-2026.html
guantanamo-school-of-medicine,Guantanamo School of Medicine,610591521759724819,https://www.electriceyerock.com/2014/04/jello-biafra-guantanamo-school-of.html
guns-n-roses,Guns N' Roses,3094638451486709593,https://www.electriceyerock.com/2026/07/guns-n-roses-accor-arena-paris-july-3rd.html
guns-n-roses,Guns N' Roses,5367608758581641729,https://www.electriceyerock.com/2026/07/guns-n-roses-accor-arena-paris-july-1st.html
guns-n-roses,Guns N' Roses,5809950114632544809,https://www.electriceyerock.com/2025/12/guns-n-roses-debuts-new-songs.html
guns-n-roses,Guns N' Roses,4036872359144224631,https://www.electriceyerock.com/2025/11/guns-n-roses-confirmed-for-two-nights.html
guns-n-roses,Guns N' Roses,8333120433759391865,https://www.electriceyerock.com/2025/11/guns-n-roses-will-return-to-france-in.html
guns-n-roses,Guns N' Roses,8096002449346238699,https://www.electriceyerock.com/2025/03/the-new-guns-n-roses-drummer-is.html
guns-n-roses,Guns N' Roses,5911897871866914886,https://www.electriceyerock.com/2025/03/frank-ferrer-leaves-guns-n-roses.html
guns-n-roses,Guns N' Roses,4055493161722057770,https://www.electriceyerock.com/2024/10/duff-mckagan-le-trianon-paris-october.html
guns-n-roses,Guns N' Roses,8645067505329569502,https://www.electriceyerock.com/2024/04/slash-feat-myles-kennedy-conspirators.html
guns-n-roses,Guns N' Roses,6210270755824920752,https://www.electriceyerock.com/2024/04/duff-mckagan-will-play-paris-trianon.html
guns-n-roses,Guns N' Roses,1492069963574767227,https://www.electriceyerock.com/2024/01/watch-new-guns-n-roses-video-here.html
guns-n-roses,Guns N' Roses,5470235059728414739,https://www.electriceyerock.com/2023/12/fridays-playlist-2023-concerts.html
guns-n-roses,Guns N' Roses,2351588407823146247,https://www.electriceyerock.com/2023/10/listen-to-duff-mckagans-new-record-here.html
guns-n-roses,Guns N' Roses,3308888044538779920,https://www.electriceyerock.com/2023/10/slash-feat-myles-kennedy-conspirators.html
guns-n-roses,Guns N' Roses,1353161037545135283,https://www.electriceyerock.com/2023/07/guns-n-roses-la-defense-arena-nanterre.html
guns-n-roses,Guns N' Roses,7184280128899799870,https://www.electriceyerock.com/2023/07/generation-sex-la-defense-arena.html
guns-n-roses,Guns N' Roses,5591790331342668727,https://www.electriceyerock.com/2023/07/check-out-slashs-contribution-to-barbie.html
guns-n-roses,Guns N' Roses,7834400461184238347,https://www.electriceyerock.com/2023/06/duff-mckagan-shares-details-on-new-solo.html
guns-n-roses,Guns N' Roses,1968544455034986398,https://www.electriceyerock.com/2023/06/guns-n-roses-unearth-bunch-of-rarities.html
guns-n-roses,Guns N' Roses,3236020113802786793,https://www.electriceyerock.com/2023/05/listen-to-duff-mckagans-new-solo-ep-here.html
guns-n-roses,Guns N' Roses,405892756382377560,https://www.electriceyerock.com/1970/03/april-fools-day-bitches.html
guns-n-roses,Guns N' Roses,9187717512217792694,https://www.electriceyerock.com/2023/04/slash-leaves-guns-n-roses-tour-to-go.html
guns-n-roses,Guns N' Roses,3324405098402552528,https://www.electriceyerock.com/2023/03/epic-festival-line-up-confirmed-for.html
guns-n-roses,Guns N' Roses,1856266487691344792,https://www.electriceyerock.com/2023/03/metallica-iron-maiden-and-ozzy-osbourne.html
guns-n-roses,Guns N' Roses,7391956371572155902,https://www.electriceyerock.com/2023/02/guns-n-roses-announce-paris-date-for.html
guns-n-roses,Guns N' Roses,8593241868697225527,https://www.electriceyerock.com/2019/09/duff-mckagan-shooter-jenning-le.html
guns-n-roses,Guns N' Roses,2958407368482379540,https://www.electriceyerock.com/2019/06/album-review-duff-mckagan-tenderness.html
guns-n-roses,Guns N' Roses,3068052794068919228,https://www.electriceyerock.com/2019/02/slash-feat-myles-kennedy-conspirators.html
guns-n-roses,Guns N' Roses,3977085606551960666,https://www.electriceyerock.com/2018/06/guns-n-roses-stade-atlantique-bordeaux.html
guns-n-roses,Guns N' Roses,8472647389343679710,https://www.electriceyerock.com/2018/06/guns-n-roses-download-paris-june-18th.html
guns-n-roses,Guns N' Roses,1428002177371234943,https://www.electriceyerock.com/2017/07/guns-n-roses-stade-de-france-st-denis.html
guns-n-roses,Guns N' Roses,2309681460263700270,https://www.electriceyerock.com/2016/08/guns-n-roses-qualcomm-stadium-san-diego.html
guns-n-roses,Guns N' Roses,7246169822937525098,https://www.electriceyerock.com/2016/05/acdc-feat-axl-rose-stade-velodrome.html
guns-n-roses,Guns N' Roses,6486312901441181457,https://www.electriceyerock.com/2012/06/guns-n-roses-pop-bercy-paris-june-5-2012.html
gus-g,Gus G,5626435909745339633,https://www.electriceyerock.com/2019/02/gus-g-bataclan-paris-february-15th-2019.html
gyasi,Gyasi,606922343052280491,https://www.electriceyerock.com/2025/10/gyasi-la-maroquinerie-paris-october.html
gyasi,Gyasi,5510811359988627366,https://www.electriceyerock.com/2025/10/pythies-la-maroquinerie-paris-october.html
gyasi,Gyasi,6230675066732209620,https://www.electriceyerock.com/2025/07/gyasi-returns-to-paris-in-september.html
gyasi,Gyasi,5255476385710422223,https://www.electriceyerock.com/2025/07/album-review-alice-cooper-revenge-of.html
gypsy-mitchell,Gypsy Mitchell,6836595303676454482,https://www.electriceyerock.com/2024/01/gypsy-mitchell-la-maroquinerie-paris.html
h-e-a-t,H.E.A.T.,4221803233265176454,https://www.electriceyerock.com/2014/12/heat-la-fleche-dor-paris-december-9-2014.html
haken,Haken,8042170365059485826,https://www.electriceyerock.com/2023/03/haken-alhambra-paris-march-17th-2023.html
halestorm,Halestorm,1008662494542736331,https://www.electriceyerock.com/2025/11/halestorm-olympia-paris-november-17th.html
halestorm,Halestorm,8520176938607096374,https://www.electriceyerock.com/2025/04/halestorm-to-headline-lolympia-in-paris.html
halestorm,Halestorm,5345421111066808879,https://www.electriceyerock.com/2025/02/black-sabbath-reunites-again.html
halestorm,Halestorm,2873035756082618812,https://www.electriceyerock.com/2023/12/halestorm-la-cigale-paris-december-5th.html
halestorm,Halestorm,6628735722877728625,https://www.electriceyerock.com/2023/06/check-out-replay-of-these-great-sets.html
halestorm,Halestorm,5676374636917893100,https://www.electriceyerock.com/2023/06/halestorm-announces-new-tour.html
halestorm,Halestorm,7908702992916700410,https://www.electriceyerock.com/2022/11/halestorm-palais-des-sports-paris.html
halo-effect,Halo Effect,3137785946318253437,https://www.electriceyerock.com/2025/07/heaven-shall-burn-halo-effect-black.html
halo-effect,Halo Effect,1829021204470073929,https://www.electriceyerock.com/2025/01/the-halo-effect-bataclan-paris-january.html
hana-lili,Hana Lili,5842162092798595760,https://www.electriceyerock.com/2026/02/hana-lili-le-hasard-ludique-paris.html
hannah-ashcroft,Hannah Ashcroft,3666344107644206185,https://www.electriceyerock.com/2025/11/hannah-ashcroft-la-maroquinerie-paris.html
hannah-rickard,Hannah Rickard,7172630870315073451,https://www.electriceyerock.com/2019/03/francis-rossi-hannah-rickard-we-talk.html
harry-merry,Harry Merry,3230830328464248208,https://www.electriceyerock.com/2015/03/harry-merry-trabendo-paris-march-2nd.html
heartbreakers,Heartbreakers,94522337144271037,https://www.electriceyerock.com/2025/03/stream-lost-tom-petty-film.html
heartbreakers,Heartbreakers,2606464944899579426,https://www.electriceyerock.com/2012/06/tom-petty-grand-rex-paris-june-27th-2012.html
heartworms,Heartworms,520693944237701025,https://www.electriceyerock.com/2025/03/heartworms-petit-bain-paris-march-1st.html
heartworms,Heartworms,5834258027679208885,https://www.electriceyerock.com/2025/02/heartworms-will-play-petit-bain-in.html
heartworms,Heartworms,4605552941596605267,https://www.electriceyerock.com/2025/02/album-review-heartworms-glutton-for.html
heathen,Heathen,8617315296642199680,https://www.electriceyerock.com/2023/04/heathen-trabendo-paris-april-26th-2023.html
heather-nova,Heather Nova,9007875994632076088,https://www.electriceyerock.com/2022/10/heather-nova-alhambra-paris-october-8th.html
heaven-shall-burn,Heaven Shall Burn,3137785946318253437,https://www.electriceyerock.com/2025/07/heaven-shall-burn-halo-effect-black.html
heaven-shall-burn,Heaven Shall Burn,8546382252253966233,https://www.electriceyerock.com/2023/02/heaven-shall-burn-olympia-paris.html
helloween,Helloween,3212377548471415725,https://www.electriceyerock.com/2026/06/helloween-hellfest-clisson-june-19th.html
helloween,Helloween,248900228927531487,https://www.electriceyerock.com/2025/02/new-halloween-anthology-and-40th.html
helloween,Helloween,5077706756120134860,https://www.electriceyerock.com/2022/08/helloween-olympia-paris-august-30th-2022.html
hermano,Hermano,7213580509485151050,https://www.electriceyerock.com/2026/05/hermano-la-maroquinerie-paris-may-7th.html
hermano,Hermano,1236032165753589625,https://www.electriceyerock.com/2026/05/solace-la-maroquinerie-paris-may-7th.html
hermano,Hermano,2938833331470193571,https://www.electriceyerock.com/2025/11/john-garcia-to-bring-hermano-back-to.html
hey-guy,Hey Guy,3873589841824857591,https://www.electriceyerock.com/2019/02/5-questions-with-boris-pelekh-of-gogol.html
hey-guy,Hey Guy,6473484895491572240,https://www.electriceyerock.com/2019/02/hey-guy-la-maroquinerie-paris-february.html
high-llamas,High Llamas,8373703717852838003,https://www.electriceyerock.com/2025/04/high-llamas-petit-bain-paris-april-9th.html
high-llamas,High Llamas,8041694860443664116,https://www.electriceyerock.com/2025/04/the-high-llamas-in-paris-next-week.html
hohnen-ford,Hohnen Ford,4353113344356286896,https://www.electriceyerock.com/2025/05/hohnen-ford-le-trianon-paris-may-7th.html
hollywood-vampires,Hollywood Vampires,473711683572999826,https://www.electriceyerock.com/2026/08/hollywood-vampires-adidas-arena-paris.html
hollywood-vampires,Hollywood Vampires,913024517693065610,https://www.electriceyerock.com/2026/08/the-last-internationale-adidas-arena.html
hollywood-vampires,Hollywood Vampires,5671204747723809730,https://www.electriceyerock.com/2026/01/the-hollywood-vampires-return-to-paris.html
hollywood-vampires,Hollywood Vampires,1092720167472718644,https://www.electriceyerock.com/2024/03/watch-trailer-for-upcoming-hollywood.html
hollywood-vampires,Hollywood Vampires,1141613613739830239,https://www.electriceyerock.com/2023/06/backstage-with-hollywood-vampires.html
hollywood-vampires,Hollywood Vampires,5801624021027322977,https://www.electriceyerock.com/2023/06/hollywood-vampires-zenith-paris-june.html
hollywood-vampires,Hollywood Vampires,8678529738487489982,https://www.electriceyerock.com/2023/06/listen-to-new-hollywood-vampires-live.html
hollywood-vampires,Hollywood Vampires,3322834005198975899,https://www.electriceyerock.com/2023/03/listen-to-new-hollywood-vampires-single.html
hollywood-vampires,Hollywood Vampires,4735043238607415439,https://www.electriceyerock.com/2019/06/album-review-hollywood-vampires-rise.html
honnet-brothers,Honnet Brothers,901705768580208745,https://www.electriceyerock.com/2026/03/the-honnet-brothers-cafe-de-la-danse.html
honora,Honora,2464282514414023979,https://www.electriceyerock.com/2026/05/flea-honora-band-alhambra-paris-may.html
horrors,Horrors,4639698446344064171,https://www.electriceyerock.com/2025/09/the-horrors-trabendo-paris-september.html
howling-giant,Howling Giant,2418529105226122113,https://www.electriceyerock.com/2026/05/howling-giant-supersonic-records-paris.html
hozier,Hozier,6436184456409227078,https://www.electriceyerock.com/2019/03/album-review-hozier-wasteland-baby.html
humanist,Humanist,8011969686758942650,https://www.electriceyerock.com/2025/06/humanist-les-etoiles-paris-june-17th.html
humanist,Humanist,842686749237003390,https://www.electriceyerock.com/2024/06/humanist-olympia-paris-june-26th-2024.html
humanity-s-last-breath,Humanity's Last Breath,67246261054153305,https://www.electriceyerock.com/2026/03/humanitys-last-breath-returns-to-paris.html
humanity-s-last-breath,Humanity's Last Breath,7122850318289223383,https://www.electriceyerock.com/2026/02/lorna-shore-le-zenith-paris-february.html
humanity-s-last-breath,Humanity's Last Breath,925533643887414350,https://www.electriceyerock.com/2026/02/shadow-of-intent-le-zenith-paris.html
humanity-s-last-breath,Humanity's Last Breath,2040338046628387578,https://www.electriceyerock.com/2026/02/humanitys-last-breath-le-zenith-paris.html
hypocrisy,Hypocrisy,6356534180630724918,https://www.electriceyerock.com/2026/04/hypocrisy-la-machine-du-moulin-rouge.html
hypocrisy,Hypocrisy,6288040060233094991,https://www.electriceyerock.com/2026/04/abbath-la-machine-du-moulin-rouge-paris.html
hypocrisy,Hypocrisy,5772764772597382964,https://www.electriceyerock.com/2026/04/vreid-la-machine-du-moulin-rouge-paris.html
hypocrisy,Hypocrisy,1296251141646051149,https://www.electriceyerock.com/2026/04/vomitory-la-machine-du-moulin-rouge.html
hypocrisy,Hypocrisy,5084575298048159186,https://www.electriceyerock.com/2025/10/hypocrisy-abbath-vomitory-and-vreid.html
iggor-cavalera,Iggor Cavalera,4824964011678406265,https://www.electriceyerock.com/2025/11/attila-csihar-iggor-cavalera-mains.html
iggor-cavalera,Iggor Cavalera,2702510854733369571,https://www.electriceyerock.com/2025/07/attila-csihar-and-iggor-cavalera-team.html
iggy-pop,Iggy Pop,1995162551020313152,https://www.electriceyerock.com/2023/11/listen-to-trevor-horn-and-iggy-pop.html
iggy-pop,Iggy Pop,6168489932772796798,https://www.electriceyerock.com/2023/01/listen-to-iggy-pops-new-album-here.html
iggy-pop,Iggy Pop,2862604791709909967,https://www.electriceyerock.com/2022/10/listen-to-iggy-pops-new-single-here.html
iggy-pop,Iggy Pop,5079821736142979867,https://www.electriceyerock.com/2016/05/iggy-pop-grand-rex-paris-may-15th-2016.html
immolation,Immolation,2729410319888905369,https://www.electriceyerock.com/2026/02/immolation-elysee-montmartre-paris.html
immolation,Immolation,5273518328769851896,https://www.electriceyerock.com/2025/10/mayhem-marduk-and-immolation-join.html
in-flames,In Flames,7936257074836491714,https://www.electriceyerock.com/2026/08/in-flames-trivium-join-forces-for.html
in-flames,In Flames,1829021204470073929,https://www.electriceyerock.com/2025/01/the-halo-effect-bataclan-paris-january.html
in-flames,In Flames,6410028586269535623,https://www.electriceyerock.com/2024/10/in-flames-zenith-paris-october-8th-2024.html
infected-rain,Infected Rain,4425256308984471145,https://www.electriceyerock.com/2025/01/infected-rain-la-machine-du-moulin.html
interview,Interview,627495749006323358,https://www.electriceyerock.com/2025/12/a-conversation-with-drink-sea.html
interview,Interview,8697992859196451400,https://www.electriceyerock.com/2025/12/absu-30-years-of-sun-of-tiphareth.html
interview,Interview,6171744279621653866,https://www.electriceyerock.com/2025/11/an-interview-with-david-vincent-of.html
interview,Interview,6791410201906520068,https://www.electriceyerock.com/2024/11/an-interview-with-fantastic-negrito.html
interview,Interview,4903537689648669127,https://www.electriceyerock.com/2024/11/an-interview-with-beasto-blanco.html
interview,Interview,8745143838040621880,https://www.electriceyerock.com/2024/09/an-interview-with-blackberry-smoke.html
interview,Interview,4721961661219449034,https://www.electriceyerock.com/2024/06/an-interview-with-suffocation.html
iron-maiden,Iron Maiden,5253083620390741059,https://www.electriceyerock.com/2026/06/iron-maiden-hellfest-clisson-june-19th.html
iron-maiden,Iron Maiden,5351421170694900053,https://www.electriceyerock.com/2025/09/iron-maiden-to-film-live-dvd-in-paris.html
iron-maiden,Iron Maiden,1013368678849109914,https://www.electriceyerock.com/2025/07/iron-maiden-la-defense-arena-nanterre.html
iron-maiden,Iron Maiden,8252718640924088242,https://www.electriceyerock.com/2025/05/spoilers-check-out-iron-maidens-setlist.html
iron-maiden,Iron Maiden,6200018822860375060,https://www.electriceyerock.com/2024/12/nicko-mcbrain-retires-from-iron-maiden.html
iron-maiden,Iron Maiden,3449398469905170432,https://www.electriceyerock.com/2024/09/iron-maiden-announces-run-for-your.html
iron-maiden,Iron Maiden,3143375875479229447,https://www.electriceyerock.com/2023/11/bruce-dickinson-tour-dates-details-on.html
iron-maiden,Iron Maiden,3324405098402552528,https://www.electriceyerock.com/2023/03/epic-festival-line-up-confirmed-for.html
iron-maiden,Iron Maiden,1856266487691344792,https://www.electriceyerock.com/2023/03/metallica-iron-maiden-and-ozzy-osbourne.html
iron-maiden,Iron Maiden,6773035069243546442,https://www.electriceyerock.com/2022/06/iron-maiden-paris-la-defense-arena.html
iron-maiden,Iron Maiden,782501086093240448,https://www.electriceyerock.com/2021/09/album-review-iron-maiden-senjutsu.html
iron-maiden,Iron Maiden,7222916313010048448,https://www.electriceyerock.com/2020/08/fridays-mondays-playlist-mixing-desk.html
iron-maiden,Iron Maiden,8601567141336987278,https://www.electriceyerock.com/2019/09/fridays-playlist-new-wave-of-british.html
iron-maiden,Iron Maiden,8091008848481026673,https://www.electriceyerock.com/2018/07/iron-maiden-accorhotels-arena-bercy_6.html
iron-maiden,Iron Maiden,5309724327077103570,https://www.electriceyerock.com/2018/07/iron-maiden-accorhotels-arena-bercy.html
israel-nash,Israel Nash,2069154460039980098,https://www.electriceyerock.com/2022/06/israel-nash-la-maroquinerie-paris-june.html
j-robbins,J. Robbins,3774282890303639249,https://www.electriceyerock.com/2026/06/j-robbins-elysee-montmartre-paris-june.html
jack-art,Jack Art,1292566489723740760,https://www.electriceyerock.com/2024/07/jack-art-la-cigale-paris-july-11th-2024.html
james-taylor,James Taylor,162222338845663966,https://www.electriceyerock.com/2022/09/james-taylor-olympia-paris-september.html
jamie-saft,Jamie Saft,6702814536492752926,https://www.electriceyerock.com/2020/02/jamie-saft-new-zion-trio-salle-jacques.html
jane-s-addiction,Jane's Addiction,2785265879227566216,https://www.electriceyerock.com/2025/12/is-janes-addiction-getting-back-together.html
jane-s-addiction,Jane's Addiction,114701247927614517,https://www.electriceyerock.com/2024/06/janes-addiction-olympia-paris-june-26th.html
jared-james-nichols,Jared James Nichols,9019024530635074443,https://www.electriceyerock.com/2025/11/jared-james-nichols-cafe-de-la-danse.html
jared-james-nichols,Jared James Nichols,5773997494058785894,https://www.electriceyerock.com/2025/10/check-out-jared-james-nichols-new-video.html
jared-james-nichols,Jared James Nichols,2123436390311896353,https://www.electriceyerock.com/2025/07/jared-james-nichols-brings-his-blues.html
jared-james-nichols,Jared James Nichols,2271403461628075170,https://www.electriceyerock.com/2024/03/jared-james-nichols-bataclan-paris.html
jared-james-nichols,Jared James Nichols,1281976931004426518,https://www.electriceyerock.com/2015/04/jared-james-nichols-palais-des-sports.html
jason-isbell,Jason Isbell,4328091543971761949,https://www.electriceyerock.com/2025/03/album-review-jason-isbell-foxes-in-snow.html
jason-isbell,Jason Isbell,5859020093155455039,https://www.electriceyerock.com/2024/01/electric-eye-album-of-2023-is.html
jason-isbell,Jason Isbell,8433241463329456956,https://www.electriceyerock.com/2023/12/december-22nd-2023-best-of-2023.html
jason-isbell,Jason Isbell,2105752811883520226,https://www.electriceyerock.com/2023/06/pre-save-jason-isbell-and-400-units-new.html
jason-isbell,Jason Isbell,7707502538872216629,https://www.electriceyerock.com/2023/03/listen-to-jason-isbell-and-400-units.html
jason-isbell,Jason Isbell,5617990215002944211,https://www.electriceyerock.com/2017/11/jason-isbell-400-unit-cafe-de-la-danse.html
jay-bellerose,Jay Bellerose,5704849304192694541,https://www.electriceyerock.com/2019/04/album-review-t-bone-burnett-jay.html
jd-mcpherson,JD McPherson,8803249220665003401,https://www.electriceyerock.com/2025/05/jd-mcpherson-le-trabendo-paris-may-30th.html
jeff-beck,Jeff Beck,4841738979345471099,https://www.electriceyerock.com/2025/01/watch-jeff-beck-auction-live.html
jeff-beck,Jeff Beck,5691407901758788202,https://www.electriceyerock.com/2023/06/happy-heavenly-birthday-jeff-beck.html
jeff-beck,Jeff Beck,2838161057623589565,https://www.electriceyerock.com/2023/06/new-beckbogertappice-box-set-coming.html
jeff-beck,Jeff Beck,9165170997656751252,https://www.electriceyerock.com/2023/05/listen-to-jeff-becks-posthumous-song.html
jeff-beck,Jeff Beck,7158798416174351964,https://www.electriceyerock.com/2023/01/jeff-beck-1944-2023.html
jeff-beck,Jeff Beck,6587838000013709121,https://www.electriceyerock.com/2023/01/fridays-playlist-ripjb.html
jeff-beck,Jeff Beck,7499260740496628830,https://www.electriceyerock.com/2023/01/rip-jeff-beck.html
jeff-beck,Jeff Beck,8651833606385881831,https://www.electriceyerock.com/2022/09/ozzy-osbourne-patient-number-nine.html
jeff-beck,Jeff Beck,258061909540315964,https://www.electriceyerock.com/2022/07/jeff-beck-feat-johnny-depp-olympia.html
jeff-beck,Jeff Beck,2390240941853052409,https://www.electriceyerock.com/2020/02/fridays-playlist-awesome-guitar-solos.html
jeff-beck,Jeff Beck,6731463045935653908,https://www.electriceyerock.com/2019/06/mondays-playlist-jeff-beck-sessions.html
jeff-beck,Jeff Beck,4735043238607415439,https://www.electriceyerock.com/2019/06/album-review-hollywood-vampires-rise.html
jeff-beck,Jeff Beck,5026586123874537903,https://www.electriceyerock.com/2018/06/jeff-beck-olympia-paris.html
jeff-beck,Jeff Beck,8325574670267436352,https://www.electriceyerock.com/2016/10/jeff-beck-salle-pleyel-paris-october.html
jeff-beck,Jeff Beck,854731306838916045,https://www.electriceyerock.com/2014/05/jeff-beck-grand-rex-paris-may-27-2014.html
jeffrey-foucault,Jeffrey Foucault,5516119256703621245,https://www.electriceyerock.com/2022/11/jeffrey-foucault-trabendo-paris.html
jello-biafra,Jello Biafra,7816423334404651156,https://www.electriceyerock.com/2026/03/jello-biafra-suffers-stroke.html
jello-biafra,Jello Biafra,610591521759724819,https://www.electriceyerock.com/2014/04/jello-biafra-guantanamo-school-of.html
jerry-joseph,Jerry Joseph,1060055625102287633,https://www.electriceyerock.com/2022/06/drive-by-truckers-la-maroquinerie-paris.html
jerry-joseph,Jerry Joseph,2203486788621291531,https://www.electriceyerock.com/2022/06/jerry-joseph-la-maroquinerie-paris-june.html
jesse-malin,Jesse Malin,2244071960842281004,https://www.electriceyerock.com/2023/06/jesse-malin-suffered-spinal-stroke-that.html
jesse-malin,Jesse Malin,5504256147153167654,https://www.electriceyerock.com/2023/02/jesse-malin-la-boule-noire-paris.html
jesse-sykes,Jesse Sykes,9050759823737976746,https://www.electriceyerock.com/2024/04/jesse-sykes-with-phil-wandscher-bill.html
jessica-hernandez,Jessica Hernandez,8597019879246127985,https://www.electriceyerock.com/2015/04/jessica-hernandez-deltas-bataclan-paris.html
jethro-tull,Jethro Tull,19062744244282763,https://www.electriceyerock.com/2025/04/jethro-tull-olympia-paris-april-26th.html
jethro-tull,Jethro Tull,3469018692700504561,https://www.electriceyerock.com/2025/01/jethro-tull-unveils-24th-studio-album.html
jethro-tull,Jethro Tull,8777993742311093928,https://www.electriceyerock.com/2023/01/check-out-jethro-tulls-new-single-here.html
jethro-tull,Jethro Tull,5369746492523905615,https://www.electriceyerock.com/2022/11/jethro-tull-olympia-paris-november-17th.html
jethro-tull,Jethro Tull,7417117768978390044,https://www.electriceyerock.com/2021/11/listen-to-new-jethro-tull-song-here.html
jimmie-vaughan,Jimmie Vaughan,324808581691033890,https://www.electriceyerock.com/2019/05/album-review-jimmie-vaughan-baby-please.html
jinjer,Jinjer,1352464812074978744,https://www.electriceyerock.com/2025/06/jinjer-announces-2026-european.html
jinjer,Jinjer,4876297327924346160,https://www.electriceyerock.com/2025/02/album-review-jinjer-duel.html
jinjer,Jinjer,4611125703140813573,https://www.electriceyerock.com/2025/01/listen-to-title-track-from-jinjers.html
jinjer,Jinjer,8783181135519845741,https://www.electriceyerock.com/2024/10/jinjer-le-zenith-paris-october-30th-2024.html
jj-wilde,JJ Wilde,4558554812800457214,https://www.electriceyerock.com/2021/12/jj-wilde-la-maroquinerie-paris-december.html
joe-bonamassa,Joe Bonamassa,955151783234165710,https://www.electriceyerock.com/2026/04/joe-bonamassa-la-seine-musicale.html
joe-bonamassa,Joe Bonamassa,2564371584694138097,https://www.electriceyerock.com/2025/10/joe-bonamassa-at-la-seine-musicale-in.html
joe-bonamassa,Joe Bonamassa,1837139612629277447,https://www.electriceyerock.com/2019/02/album-review-john-mayall-nobody-told-me.html
joe-satriani,Joe Satriani,3978641594581631474,https://www.electriceyerock.com/2025/06/the-satchvai-band-palais-des-congres.html
joe-satriani,Joe Satriani,6688351780588991041,https://www.electriceyerock.com/2025/01/satchvai-band-announce-band-line-up.html
joe-satriani,Joe Satriani,3524861074057531610,https://www.electriceyerock.com/2024/12/satchvai-band-to-play-paris-in-june.html
joe-satriani,Joe Satriani,8888545019230039750,https://www.electriceyerock.com/2023/05/joe-satriani-olympia-paris-may-21st-2023.html
joey-valence-brae,Joey Valence & Brae,5085989194611451056,https://www.electriceyerock.com/2026/05/joey-valence-brae-bataclan-paris-may.html
joey-valence-brae,Joey Valence & Brae,7445774468092695375,https://www.electriceyerock.com/2026/05/dj-ewook-bataclan-paris-may-13th-2026.html
joey-valence-brae,Joey Valence & Brae,4463408003436594363,https://www.electriceyerock.com/2026/05/whatmore-bataclan-paris-may-13th-2026.html
john-fogerty,John Fogerty,5091471589685997363,https://www.electriceyerock.com/2025/02/john-fogerty-returns-to-paris.html
john-fogerty,John Fogerty,4082211306607194716,https://www.electriceyerock.com/2023/05/john-fogerty-seine-musicale-boulogne.html
john-fogerty,John Fogerty,8180464694245304761,https://www.electriceyerock.com/2023/03/john-fogerty-announces-paris-concert.html
john-hiatt,John Hiatt,4488577314972148020,https://www.electriceyerock.com/2018/07/john-hiatt-gones-feat-sonny-landreth.html
john-mayall,John Mayall,1231107905047048150,https://www.electriceyerock.com/2021/09/farewell-mr-mayall.html
john-mayall,John Mayall,2092874145357479217,https://www.electriceyerock.com/2019/04/john-mayall-bataclan-paris-april-11th.html
john-mayall,John Mayall,1837139612629277447,https://www.electriceyerock.com/2019/02/album-review-john-mayall-nobody-told-me.html
john-mayer,John Mayer,1862363198144747089,https://www.electriceyerock.com/2024/03/john-mayer-accor-arena-paris-march-24th.html
john-mclaughlin,John McLaughlin,2260864955456505357,https://www.electriceyerock.com/2022/05/john-mclaughlin-lauditorium-de-la-seine.html
john-mclaughlin,John McLaughlin,2932159454732915316,https://www.electriceyerock.com/2017/03/john-mclaughlin-new-morning-paris-march.html
john-scofield,John Scofield,4253062553459285019,https://www.electriceyerock.com/2022/09/scary-goldings-feat-john-scofield.html
johnny-depp,Johnny Depp,473711683572999826,https://www.electriceyerock.com/2026/08/hollywood-vampires-adidas-arena-paris.html
johnny-depp,Johnny Depp,5671204747723809730,https://www.electriceyerock.com/2026/01/the-hollywood-vampires-return-to-paris.html
johnny-depp,Johnny Depp,1092720167472718644,https://www.electriceyerock.com/2024/03/watch-trailer-for-upcoming-hollywood.html
johnny-depp,Johnny Depp,1141613613739830239,https://www.electriceyerock.com/2023/06/backstage-with-hollywood-vampires.html
johnny-depp,Johnny Depp,5801624021027322977,https://www.electriceyerock.com/2023/06/hollywood-vampires-zenith-paris-june.html
johnny-depp,Johnny Depp,8678529738487489982,https://www.electriceyerock.com/2023/06/listen-to-new-hollywood-vampires-live.html
johnny-depp,Johnny Depp,3322834005198975899,https://www.electriceyerock.com/2023/03/listen-to-new-hollywood-vampires-single.html
johnny-depp,Johnny Depp,258061909540315964,https://www.electriceyerock.com/2022/07/jeff-beck-feat-johnny-depp-olympia.html
johnny-depp,Johnny Depp,4735043238607415439,https://www.electriceyerock.com/2019/06/album-review-hollywood-vampires-rise.html
jonathan-frith,Jonathan Frith,8493512206612781051,https://www.electriceyerock.com/2022/10/jonathan-frith-alhambra-paris-october.html
jonny-lang,Jonny Lang,2884035839611152931,https://www.electriceyerock.com/2019/05/jonny-lang-la-cigale-paris-may-26th-2019.html
jonny-lang,Jonny Lang,2699010209187252021,https://www.electriceyerock.com/2014/04/jonny-lang-olympia-paris-april-28-2014_28.html
josie,Josie,907609721358215156,https://www.electriceyerock.com/2023/08/josie-les-etoiles-paris-august-30th-2023.html
judas-priest,Judas Priest,6842723166407714222,https://www.electriceyerock.com/2026/03/judas-priest-returns-to-paris-in.html
judas-priest,Judas Priest,3853840965002265176,https://www.electriceyerock.com/2023/11/the-new-judas-priest-video-is-here.html
judas-priest,Judas Priest,2305179160107814230,https://www.electriceyerock.com/2023/07/judas-priest-to-to-take-ozzys-slot-at.html
judas-priest,Judas Priest,4255695183800734264,https://www.electriceyerock.com/2023/06/elegant-weapons-alhambra-paris-june.html
judas-priest,Judas Priest,1135755796563262610,https://www.electriceyerock.com/2023/05/judas-priest-announce-two-french-dates.html
judas-priest,Judas Priest,7010899539785294073,https://www.electriceyerock.com/2023/02/listen-to-elegant-weapons-first-single.html
judas-priest,Judas Priest,336080689831918033,https://www.electriceyerock.com/2015/06/judas-priest-zenith-paris-june-17-2015.html
julia-cumming,Julia Cumming,7802553375958303736,https://www.electriceyerock.com/2026/05/julia-cumming-larchipel-paris-may-20th.html
julia-cumming,Julia Cumming,8001189626099477363,https://www.electriceyerock.com/2026/05/shakkalo-larchipel-paris-may-20th-2026.html
julia-cumming,Julia Cumming,1043110886731197805,https://www.electriceyerock.com/2026/02/julia-cumming-releases-first-solo-track.html
julia-cumming,Julia Cumming,5221759904557253190,https://www.electriceyerock.com/2025/04/album-review-sunflower-bean-mortal.html
julia-cumming,Julia Cumming,96908962661245396,https://www.electriceyerock.com/2025/02/sunflower-bean-le-zenith-paris-february.html
julien-gasc,Julien Gasc,5302813021171820576,https://www.electriceyerock.com/2025/04/julien-gasco-duo-avec-nina-savary-petit.html
justin-robinson,Justin Robinson,1619567883905031094,https://www.electriceyerock.com/2025/04/album-review-rhiannon-giddens-justin.html
justyna-kelley,Justyna Kelley,5701713052885012074,https://www.electriceyerock.com/2024/04/courte-grill-buffalo-pailles-sub-paris.html
justyna-kelley,Justyna Kelley,270160858118860890,https://www.electriceyerock.com/2024/04/justyna-kelley-le-sub-pigalle-paris.html
karen-o,Karen O,4294605883112371763,https://www.electriceyerock.com/2019/03/karen-o-danger-mouse-lux-prima.html
kathrine-shepard,Kathrine Shepard,6215417841055031184,https://www.electriceyerock.com/2025/10/sylvaine-conversation-with-kathrine.html
katie-henry,Katie Henry,495201582161754154,https://www.electriceyerock.com/2024/02/katie-henry-new-morning-paris-february.html
keb-mo,Keb' Mo',9102061057880445300,https://www.electriceyerock.com/2026/06/keb-mo-bataclan-paris-june-12th-2026.html
keb-mo,Keb' Mo',9005315054237649956,https://www.electriceyerock.com/2026/06/gaelle-buswel-bataclan-paris-june-12th.html
keb-mo,Keb' Mo',6611739177148842838,https://www.electriceyerock.com/2026/02/keb-mo-returns-to-paris-in-spring.html
keb-mo,Keb' Mo',7694146401260249927,https://www.electriceyerock.com/2025/05/album-review-taj-mahal-keb-mo-room-on.html
keb-mo,Keb' Mo',3589524876679899748,https://www.electriceyerock.com/2019/06/album-review-keb-mo-oklahoma.html
keb-mo,Keb' Mo',7025511646121489325,https://www.electriceyerock.com/2016/07/keb-mo-new-morning-paris-july-6th-2016.html
keefus-ciancia,Keefus Ciancia,5704849304192694541,https://www.electriceyerock.com/2019/04/album-review-t-bone-burnett-jay.html
kenny-mason,Kenny Mason,7389678828064609520,https://www.electriceyerock.com/2026/08/kenny-mason-la-maroquinerie-paris.html
kid-congo,Kid Congo,2351220196593393342,https://www.electriceyerock.com/2025/12/kid-congo-will-return-to-paris-in-march.html
kid-congo,Kid Congo,2666842733030736701,https://www.electriceyerock.com/2024/09/kid-congo-pink-money-birds-trabendo.html
kid-congo,Kid Congo,253652706929539857,https://www.electriceyerock.com/2023/11/kid-congo-powers-new-album-that.html
kid-congo,Kid Congo,4996563587352633649,https://www.electriceyerock.com/2023/10/kid-congo-and-pink-monkey-birds-la.html
kiefer-sutherland,Kiefer Sutherland,1556971367948350574,https://www.electriceyerock.com/2026/05/kiefer-sutherland-alhambra-paris-may.html
killer-kin,Killer Kin,4264209151906199617,https://www.electriceyerock.com/2026/08/check-out-killer-kins-new-single-one.html
killer-kin,Killer Kin,2777560066932310560,https://www.electriceyerock.com/2026/05/killer-kin-returns-to-paris-to-fuck.html
killer-kin,Killer Kin,8618368759909585475,https://www.electriceyerock.com/2025/07/killer-kin-la-mecanique-ondulatoire.html
killer-kin,Killer Kin,2449100182166302159,https://www.electriceyerock.com/2025/07/the-darts-killer-kin-join-forces-in.html
kimberose,Kimberose,4368114521545784760,https://www.electriceyerock.com/2024/07/kimberos-la-seine-musicale-boulogne.html
king-crimson,King Crimson,2264143435206971623,https://www.electriceyerock.com/2026/08/a-different-beat-terry-bozzio-steps-in.html
king-crimson,King Crimson,2999330462767137869,https://www.electriceyerock.com/2026/06/beat-olympia-paris-june-10th-2026.html
king-crimson,King Crimson,5527864408487983336,https://www.electriceyerock.com/2025/12/beat-coming-to-paris-to-play-1980s-king.html
king-crimson,King Crimson,1887817188691459759,https://www.electriceyerock.com/2025/05/robert-fripp-suffers-heart-attack.html
king-crimson,King Crimson,7969963611666334477,https://www.electriceyerock.com/2023/01/in-court-of-crimson-king-king-crimson.html
king-crimson,King Crimson,796317120061443428,https://www.electriceyerock.com/2019/10/fridays-playlist-robert-fripp-sessions.html
king-crimson,King Crimson,2172863284310974577,https://www.electriceyerock.com/2019/03/6-questions-with-pat-mastelotto-from.html
king-crimson,King Crimson,7600646654184497591,https://www.electriceyerock.com/2018/11/king-crimson-olympia-paris-november_17.html
king-crimson,King Crimson,6079774829657245216,https://www.electriceyerock.com/2018/11/king-crimson-olympia-paris-november_16.html
king-crimson,King Crimson,2508702198050233138,https://www.electriceyerock.com/2018/11/king-crimson-olympia-paris-november.html
king-crimson,King Crimson,5196387953909219674,https://www.electriceyerock.com/2016/12/king-crimson-salle-pleyel-paris_4.html
king-crimson,King Crimson,6618389109161826794,https://www.electriceyerock.com/2016/12/king-crimson-salle-pleyel-paris.html
king-crimson,King Crimson,4822065064987851525,https://www.electriceyerock.com/2014/03/crimson-projekct-trabendo-paris-march.html
king-s-x,King's X,4578936690298774641,https://www.electriceyerock.com/2017/06/kings-x-le-forum-vaureal-june-20th-2017.html
kiss,KISS,6291159384653057429,https://www.electriceyerock.com/2025/10/fridays-playlist-rip-space-ace.html
kiss,KISS,2494346226766657549,https://www.electriceyerock.com/2025/10/rip-ace-frehley.html
kiss,KISS,7180087792671001497,https://www.electriceyerock.com/2018/08/ace-frehley-greek-theatre-los-angeles.html
kiss,KISS,1725274702170509536,https://www.electriceyerock.com/2015/06/kiss-le-zenith-paris-june-16-2015.html
klone,Klone,481347975268092715,https://www.electriceyerock.com/2023/03/klone-olympia-paris-march-26th-2023.html
knives,Knives,4906677159378017070,https://www.electriceyerock.com/2025/11/knives-elysee-montmartre-paris-november.html
knives,Knives,1446280314335716464,https://www.electriceyerock.com/2025/03/ditz-returns-to-paris-in-november.html
knower,Knower,104791562726771723,https://www.electriceyerock.com/2022/09/knower-grande-halle-de-la-villette.html
koritni,Koritni,6218365527554360270,https://www.electriceyerock.com/2018/11/lex-koritni-elysee-montmartre-paris.html
kreator,Kreator,1596508426207222009,https://www.electriceyerock.com/2026/03/kreator-le-zenith-paris-march-24th-2026.html
kreator,Kreator,2737668372081751484,https://www.electriceyerock.com/2026/03/carcass-le-zenith-paris-march-24th-2026.html
kreator,Kreator,5101573600577112771,https://www.electriceyerock.com/2026/03/exodus-le-zenith-paris-march-24th-2026.html
kreator,Kreator,941237716104880962,https://www.electriceyerock.com/2026/03/nails-le-zenith-paris-march-24th-2026.html
kreator,Kreator,475473061760068991,https://www.electriceyerock.com/2026/01/album-review-kreator-krushers-of-world.html
kreator,Kreator,3271929683402210299,https://www.electriceyerock.com/2025/09/extreme-metal-summit-at-le-zenith-in.html
kreator,Kreator,8954351345472617291,https://www.electriceyerock.com/2024/01/anthrax-kreator-and-testament-join.html
kreator,Kreator,9137303205290922293,https://www.electriceyerock.com/2023/02/kreator-olympia-paris-february-27th-2023.html
kris-barras-band,Kris Barras Band,6389498739547717890,https://www.electriceyerock.com/2026/08/listen-to-new-kris-barras-band-album.html
kris-barras-band,Kris Barras Band,106763784705349607,https://www.electriceyerock.com/2026/02/kris-barras-band-le-trianon-paris.html
kris-barras-band,Kris Barras Band,4671448874052103135,https://www.electriceyerock.com/2024/03/kris-barras-band-backstage-by-mill.html
kris-barras-band,Kris Barras Band,2547368597847191689,https://www.electriceyerock.com/2019/05/kris-barras-la-cigale-paris-may-26th.html
kula-shaker,Kula Shaker,5649434670379571069,https://www.electriceyerock.com/2026/02/kula-shaker-cafe-de-la-danse-paris.html
kula-shaker,Kula Shaker,6252570856062940645,https://www.electriceyerock.com/2025/10/kula-shaker-returns-to-paris-in-february.html
kvelertak,Kvelertak,2854788050461900608,https://www.electriceyerock.com/2017/09/kvelartak-accorhotels-arena-paris.html
l-a-guns,L.A. Guns,4590250735296828430,https://www.electriceyerock.com/2026/03/la-guns-return-to-paris-area-in-fall.html
l-a-guns,L.A. Guns,6538495519516450780,https://www.electriceyerock.com/2019/03/l.html
l7,L7,1430847515270941768,https://www.electriceyerock.com/2026/07/jennifer-finch-diagnosed-with-brain.html
l7,L7,1359080831214302656,https://www.electriceyerock.com/2024/06/l7-trianon-paris-june-18th-2024.html
la-femme,La Femme,3570817321938155623,https://www.electriceyerock.com/2025/11/la-femme-accor-arena-paris-november.html
la-femme,La Femme,980926108585054929,https://www.electriceyerock.com/2025/11/tentative-accor-arena-paris-november.html
la-femme,La Femme,8927959433748866775,https://www.electriceyerock.com/2025/11/sam-quealey-accor-arena-paris-november.html
lacuna-coil,Lacuna Coil,5723421924180037658,https://www.electriceyerock.com/2025/01/lacuna-coil-to-embark-on-european-tour.html
lacuna-coil,Lacuna Coil,7169109607416250804,https://www.electriceyerock.com/2019/12/lacuna-coil-elysee-montmartre-paris.html
lady-gaga,Lady Gaga,1039600982263083677,https://www.electriceyerock.com/2025/03/album-review-lady-gaga-mayhem.html
lamb-of-god,Lamb of God,8559966126516119366,https://www.electriceyerock.com/2025/01/pre-order-randy-blythes-upcoming-book.html
lamb-of-god,Lamb of God,5903553664063556506,https://www.electriceyerock.com/2023/02/lamb-of-god-olympia-paris-february-27th.html
larkin-poe,Larkin Poe,6707682040028707590,https://www.electriceyerock.com/2025/01/larkin-poe-fnac-forum-paris-january.html
larkin-poe,Larkin Poe,6110362185132413252,https://www.electriceyerock.com/2025/01/album-review-larkin-poe-bloom.html
larkin-poe,Larkin Poe,4051530562892602291,https://www.electriceyerock.com/2025/01/southern-rock-sister-duo-larkin-poe.html
larkin-poe,Larkin Poe,313127878301500762,https://www.electriceyerock.com/2025/01/album-review-ringo-starr-look-up.html
larkin-poe,Larkin Poe,4101827250088541744,https://www.electriceyerock.com/2025/01/larkin-poe-to-return-to-paris-in.html
larkin-poe,Larkin Poe,1147845007217137115,https://www.electriceyerock.com/2023/10/larkin-poe-olympia-paris-october-15th.html
las-robertas,Las Robertas,3821025316444327158,https://www.electriceyerock.com/2026/07/las-robertas-petit-bain-paris-july-28th.html
last-in-line,Last In Line,688952250604175832,https://www.electriceyerock.com/2019/03/album-review-last-in-line-ii.html
last-in-line,Last In Line,1133751506842444419,https://www.electriceyerock.com/2016/11/the-last-in-line-le-trianon-paris.html
last-internationale,Last Internationale,913024517693065610,https://www.electriceyerock.com/2026/08/the-last-internationale-adidas-arena.html
last-internationale,Last Internationale,8076487239674029658,https://www.electriceyerock.com/2023/04/the-last-internationale-trabendo-paris.html
laura-cox,Laura Cox,7339455199660150053,https://www.electriceyerock.com/2026/04/laura-cox-le-trianon-paris-april-10th.html
laura-cox,Laura Cox,5095494649785496556,https://www.electriceyerock.com/2026/02/laura-cox-to-headline-le-trianon-in.html
lee-fields-the-expressions,Lee Fields & the Expressions,3428096679934966201,https://www.electriceyerock.com/2019/04/album-review-lee-fields-expressions-it.html
les-insus,Les Insus?,179794993485324831,https://www.electriceyerock.com/2023/06/telephones-louis-bertignac-to-sit-in.html
les-insus,Les Insus?,5932667059502062101,https://www.electriceyerock.com/2016/11/les-insus-telephone-le-zenith-paris.html
lettuce,Lettuce,5225277451446469901,https://www.electriceyerock.com/2022/09/lettuce-alhambra-paris-september-23rd.html
lev-radagan,Lev Radagan,7880199858334241472,https://www.electriceyerock.com/2026/08/lev-radagan-le-klub-paris-august-21st.html
leyla-mccalla,Leyla McCalla,880770991428518838,https://www.electriceyerock.com/2025/11/leyla-mccalla-palais-de-la-porte-doree.html
leyla-mccalla,Leyla McCalla,1130055652741736587,https://www.electriceyerock.com/2025/09/leyla-mccalla-returns-to-paris-in.html
leyla-mccalla,Leyla McCalla,4614189874994554436,https://www.electriceyerock.com/2024/11/leyla-mccalla-la-maroquinerie-paris.html
leyla-mccalla,Leyla McCalla,5585354422424850219,https://www.electriceyerock.com/2024/02/leyla-mccalla-maison-des-arts-creteil.html
leyla-mccalla,Leyla McCalla,2179480178320191860,https://www.electriceyerock.com/2019/02/album-review-our-native-daughters-songs.html
libertines,Libertines,8030850241089885739,https://www.electriceyerock.com/2024/01/listen-to-new-libertines-song-shiver.html
libertines,Libertines,1140299269744505168,https://www.electriceyerock.com/2014/08/libertines-zenith-paris-september-30.html
lil2hood-aka-fla-h,Lil2Hood AKA Fla$h,3741513889019491512,https://www.electriceyerock.com/2024/12/lil2hood-aka-flah-olympia-paris.html
limp-bizkit,Limp Bizkit,402855955698708333,https://www.electriceyerock.com/2026/06/limp-bizkit-hellfest-clisson-june-20th.html
limp-bizkit,Limp Bizkit,289895597899827466,https://www.electriceyerock.com/2025/06/did-limp-bizkit-just-announce-their.html
limp-bizkit,Limp Bizkit,6074366950004105640,https://www.electriceyerock.com/2025/04/limp-bizkit-accor-arena-paris-april-2nd.html
little-caesar,Little Caesar,3835625014416233068,https://www.electriceyerock.com/2021/10/little-caesar-les-etoiles-paris-october.html
little-steven,Little Steven,1774357647680434185,https://www.electriceyerock.com/2019/05/album-review-little-steven-disciples-of.html
little-steven,Little Steven,9137332108222921138,https://www.electriceyerock.com/2017/06/little-steven-disciples-of-soul-la.html
liv-kristine,Liv Kristine,7233196369311677074,https://www.electriceyerock.com/2025/04/album-review-liv-kristine-amor-vincit.html
liv-kristine,Liv Kristine,208785750481655776,https://www.electriceyerock.com/2014/12/next-up-sirens-divan-du-monde.html
lloyd-cole,Lloyd Cole,5828370490786402691,https://www.electriceyerock.com/2025/10/lloyd-cole-athenee-theatre-louis-jouvet.html
lloyd-cole,Lloyd Cole,4310058418101605876,https://www.electriceyerock.com/2025/03/lloyd-cole-to-play-two-intimate-shows.html
lloyd-cole,Lloyd Cole,4261253263129336215,https://www.electriceyerock.com/2023/11/lloyd-cole-trianon-paris-november-4th.html
loading-data,Loading Data,627495749006323358,https://www.electriceyerock.com/2025/12/a-conversation-with-drink-sea.html
loading-data,Loading Data,6493087066035548895,https://www.electriceyerock.com/2014/12/loading-data-point-ephemere-paris.html
lorna-shore,Lorna Shore,7122850318289223383,https://www.electriceyerock.com/2026/02/lorna-shore-le-zenith-paris-february.html
lorna-shore,Lorna Shore,8892613140435302132,https://www.electriceyerock.com/2026/02/whitechapel-le-zenith-paris-february.html
lorna-shore,Lorna Shore,925533643887414350,https://www.electriceyerock.com/2026/02/shadow-of-intent-le-zenith-paris.html
lorna-shore,Lorna Shore,2040338046628387578,https://www.electriceyerock.com/2026/02/humanitys-last-breath-le-zenith-paris.html
lorna-shore,Lorna Shore,9096230453741630867,https://www.electriceyerock.com/2025/11/lorna-shore-headlining-ultimate.html
lowland-brothers,Lowland Brothers,3369664577012776949,https://www.electriceyerock.com/2026/04/the-lowland-brothers-le-trianon-paris.html
lucifer,Lucifer,613398062003014092,https://www.electriceyerock.com/2024/02/lucifer-petit-bain-paris-february-16th.html
lucinda-williams,Lucinda Williams,4377795421729974864,https://www.electriceyerock.com/2025/06/lucinda-williams-le-trianon-paris-june.html
luke-combs,Luke Combs,2990756973469617637,https://www.electriceyerock.com/2025/10/luke-combs-to-return-to-paris-at-accor.html
luke-combs,Luke Combs,3702950745638022753,https://www.electriceyerock.com/2023/10/luke-combs-la-cigale-paris-october-8th.html
lynyrd-skynyrd,Lynyrd Skynyrd,5644605888521646387,https://www.electriceyerock.com/2025/07/lynyrd-skynyrd-le-zenith-paris-july.html
lynyrd-skynyrd,Lynyrd Skynyrd,1203833636792204894,https://www.electriceyerock.com/2025/01/lynyrd-skynyrd-brings-south-to-paris.html
lynyrd-skynyrd,Lynyrd Skynyrd,5831776370622998537,https://www.electriceyerock.com/2023/04/check-out-lynyrd-skynyrd-tribute-from.html
lynyrd-skynyrd,Lynyrd Skynyrd,5933559069260935671,https://www.electriceyerock.com/2023/03/slash-billy-gibbons-chuck-leavell.html
lynyrd-skynyrd,Lynyrd Skynyrd,6087209654981848787,https://www.electriceyerock.com/2023/03/lynyrd-skynyrd-plays-first-show-since.html
lynyrd-skynyrd,Lynyrd Skynyrd,4505518906705641971,https://www.electriceyerock.com/2020/09/fridays-playlist-southern-rock-epics.html
lynyrd-skynyrd,Lynyrd Skynyrd,6138136155605945163,https://www.electriceyerock.com/2015/04/lynyrd-skynyrd-palais-des-sports-paris.html
m-pire-of-evil,M-Pire of Evil,789078861455841509,https://www.electriceyerock.com/2015/01/m-pire-of-evil-divan-du-monde-paris.html
maceo-parker,Maceo Parker,3409530820790243205,https://www.electriceyerock.com/2014/09/maceo-parker-cite-de-la-musique-paris.html
madeline-goldstein,Madeline Goldstein,6513626597976189352,https://www.electriceyerock.com/2025/04/madeline-goldstein-trabendo-paris-april.html
madonna,Madonna,7662288437163274454,https://www.electriceyerock.com/2023/11/madonna-accor-arena-paris-november-12th.html
maggie-lindemann,Maggie Lindemann,718651842172965684,https://www.electriceyerock.com/2026/04/maggie-lindemann-alhambra-paris-april.html
maggie-lindemann,Maggie Lindemann,7136066562633639877,https://www.electriceyerock.com/2026/04/afterdrive-alhambra-paris-april-24th.html
maggie-lindemann,Maggie Lindemann,8043816699054917345,https://www.electriceyerock.com/2026/04/runaway-club-alhambra-paris-april-24th.html
mai-mai-mai,Mai Mai Mai,2837269347205445689,https://www.electriceyerock.com/2025/03/mai-mai-mai-petit-bain-paris-march-1st.html
maia-kalwill,Maia Kalwill,8057915442829226110,https://www.electriceyerock.com/2025/05/maia-kalwill-le-trianon-paris-may-19th.html
malted-milk,Malted Milk,5979212723239966273,https://www.electriceyerock.com/2014/09/malted-milk-cite-de-la-musique-paris_4.html
mammoth,Mammoth,7113763137758752286,https://www.electriceyerock.com/2026/07/mammoth-accor-arena-paris-july-3rd-2026.html
mammoth,Mammoth,5007458594618480719,https://www.electriceyerock.com/2026/07/mammoth-accor-arena-paris-july-1st-2026.html
mammoth,Mammoth,6619553090665931604,https://www.electriceyerock.com/2024/04/mammoth-wvh-zenith-paris-april-29th-2024.html
mammoth,Mammoth,5116080140774464053,https://www.electriceyerock.com/2023/03/listen-to-mammoth-wvhs-new-song-here.html
mammoth,Mammoth,3019747543026428010,https://www.electriceyerock.com/2022/11/mammoth-wvh-palais-des-sports-paris.html
mammoth-wvh,Mammoth WVH,6619553090665931604,https://www.electriceyerock.com/2024/04/mammoth-wvh-zenith-paris-april-29th-2024.html
mammoth-wvh,Mammoth WVH,5116080140774464053,https://www.electriceyerock.com/2023/03/listen-to-mammoth-wvhs-new-song-here.html
mammoth-wvh,Mammoth WVH,3019747543026428010,https://www.electriceyerock.com/2022/11/mammoth-wvh-palais-des-sports-paris.html
manowar,Manowar,8874630881333853402,https://www.electriceyerock.com/2019/03/album-review-manowar-final-battle-i.html
marcus-king,Marcus King,35986851620332117,https://www.electriceyerock.com/2024/11/marcus-king-bataclan-paris-november-3rd.html
marcus-king,Marcus King,7845370898917560189,https://www.electriceyerock.com/2023/03/marcus-king-elysee-montmartre-paris.html
marcus-miller,Marcus Miller,4878872414487134882,https://www.electriceyerock.com/2015/04/marcus-miller-olympia-paris-april-13.html
marduk,Marduk,135682094475547981,https://www.electriceyerock.com/2026/06/marduk-hellfest-clisson-june-21st-2026.html
marduk,Marduk,6545487266749727562,https://www.electriceyerock.com/2026/02/marduk-elysee-montmartre-paris-february.html
marduk,Marduk,5273518328769851896,https://www.electriceyerock.com/2025/10/mayhem-marduk-and-immolation-join.html
marduk,Marduk,6086752628745122039,https://www.electriceyerock.com/2025/02/marduk-la-machine-du-moulin-rouge-paris.html
marduk,Marduk,3617371547387012432,https://www.electriceyerock.com/2025/01/black-metal-legends-marduk-to-bring.html
maren-morris,Maren Morris,435299019129800176,https://www.electriceyerock.com/2025/11/maren-morris-le-trianon-paris-november.html
maren-morris,Maren Morris,2398370896291689282,https://www.electriceyerock.com/2025/07/maren-morris-returns-to-paris-nov-13-at.html
maren-morris,Maren Morris,459032011400883919,https://www.electriceyerock.com/2019/03/album-review-maren-morris-girl.html
marillion,Marillion,6424740744677579566,https://www.electriceyerock.com/2026/08/watch-hackett-rotherys-red-dragon-and.html
marillion,Marillion,5470235059728414739,https://www.electriceyerock.com/2023/12/fridays-playlist-2023-concerts.html
marillion,Marillion,4164336143821318795,https://www.electriceyerock.com/2023/11/marillion-trianon-paris-november-13th.html
marillion,Marillion,6938525462296490419,https://www.electriceyerock.com/2023/06/marillion-announces-new-tour-dates.html
marillion,Marillion,106093189903637830,https://www.electriceyerock.com/2022/10/marillion-zenith-paris-october-23rd-2022.html
marillion,Marillion,7400155644942818891,https://www.electriceyerock.com/2015/01/fish-divan-du-monde-paris-january-27th.html
mark-fain,Mark Fain,7183728700432436679,https://www.electriceyerock.com/2019/02/6-questions-with-mark-fain.html
mark-kendall,Mark Kendall,3414130219795024045,https://www.electriceyerock.com/2019/08/10-questions-with-mark-kendall-of-great.html
marvin-gaye,Marvin Gaye,2242047459592231801,https://www.electriceyerock.com/2019/03/album-review-marvin-gaye-youre-man.html
massive-attack,Massive Attack,3013852372465464764,https://www.electriceyerock.com/2025/06/massive-attack-le-zenith-paris-june-9th.html
massive-attack,Massive Attack,3130776568065087317,https://www.electriceyerock.com/2025/03/massive-attack-announces-tour-dates.html
massive-wagons,Massive Wagons,5997657117597637715,https://www.electriceyerock.com/2025/12/massive-wagons-backstage-by-mill-paris.html
massive-wagons,Massive Wagons,4805287868420286253,https://www.electriceyerock.com/2025/12/massive-wagons-conversation-with-barry.html
massive-wagons,Massive Wagons,6402046633276721011,https://www.electriceyerock.com/2025/07/massive-wagons-will-roll-into-paris-in.html
mastodon,Mastodon,117986964281958032,https://www.electriceyerock.com/2026/06/listen-to-mastodons-tribute-to-brent.html
mastodon,Mastodon,7470270611823878128,https://www.electriceyerock.com/2025/08/former-mastodon-guitarist-brent-hinds.html
mastodon,Mastodon,7939235885951446225,https://www.electriceyerock.com/2025/03/brent-hinds-departs-mastodon-after-25.html
mastodon,Mastodon,5345421111066808879,https://www.electriceyerock.com/2025/02/black-sabbath-reunites-again.html
mastodon,Mastodon,2970265890765326672,https://www.electriceyerock.com/2022/06/mastodon-salle-pleyel-paris-june-7th.html
mathias-lattin,Mathias Lattin,8458818593345571299,https://www.electriceyerock.com/2025/11/mathias-lattin-la-cigale-paris-november.html
mathieu-des-longchamps,Mathieu des Longchamps,7741074745662074116,https://www.electriceyerock.com/2024/01/mathieu-des-longchamps-la-cigale-paris.html
matt-berninger,Matt Berninger,7744790158620951215,https://www.electriceyerock.com/2025/09/matt-berninger-elysee-montmartre-paris.html
matt-berninger,Matt Berninger,1487964510972832961,https://www.electriceyerock.com/2025/09/ronboy-elysee-montmartre-paris.html
matt-berninger,Matt Berninger,2254632370638521908,https://www.electriceyerock.com/2025/08/matt-berninger-returns-to-paris-new.html
matt-berninger,Matt Berninger,4823458277577775558,https://www.electriceyerock.com/2024/06/the-national-le-zenith-paris-june-5th.html
mavis-staples,Mavis Staples,7795491402012668946,https://www.electriceyerock.com/2019/05/album-review-mavis-staples-we-get-by.html
mayday-parade,Mayday Parade,1572804715146666294,https://www.electriceyerock.com/2024/01/mayday-parade-bataclan-paris-january.html
mayhem,Mayhem,4432062965152404256,https://www.electriceyerock.com/2026/02/mayhem-elysee-montmartre-paris-february.html
mayhem,Mayhem,5273518328769851896,https://www.electriceyerock.com/2025/10/mayhem-marduk-and-immolation-join.html
mayhem,Mayhem,2702510854733369571,https://www.electriceyerock.com/2025/07/attila-csihar-and-iggor-cavalera-team.html
mayhem,Mayhem,1039600982263083677,https://www.electriceyerock.com/2025/03/album-review-lady-gaga-mayhem.html
mayhem,Mayhem,3345923602393911710,https://www.electriceyerock.com/2024/12/mayhem-bataclan-paris-december-4th-2024.html
megadeth,Megadeth,7564009698465708036,https://www.electriceyerock.com/2026/08/megadeth-to-headline-metal-extravaganza.html
megadeth,Megadeth,1251632869922327269,https://www.electriceyerock.com/2026/06/megadeth-hellfest-clisson-june-20th-2026.html
megadeth,Megadeth,1192519423230597107,https://www.electriceyerock.com/2026/01/album-review-megadeth-megadeth.html
megadeth,Megadeth,1129037568768135500,https://www.electriceyerock.com/2025/10/the-new-megadeth-video-is-here.html
megadeth,Megadeth,4666372151619616646,https://www.electriceyerock.com/2025/02/disturbed-to-bring-sickness-to-paris.html
megadeth,Megadeth,4899891289179715882,https://www.electriceyerock.com/2024/06/megadeth-le-zenith-paris-june-19th-2024.html
megadeth,Megadeth,7080401538161250535,https://www.electriceyerock.com/2020/08/fridays-playlist-thrash-death-and-black.html
megadeth,Megadeth,3151877880360696201,https://www.electriceyerock.com/2019/02/altitudes-and-attitude-le-zenith-paris.html
meghan-parnell,Meghan Parnell,3707567466304177860,https://www.electriceyerock.com/2023/02/meghan-parnell-dave-barnes-from-bywater.html
melvin-taylor,Melvin Taylor,4057658337119911899,https://www.electriceyerock.com/2019/05/melvin-taylor-pan-piper-paris-may-25th.html
mereki,Mereki,8816335010906596541,https://www.electriceyerock.com/2024/10/mereki-la-maroquinerie-paris-october.html
metallica,Metallica,2684181648304195031,https://www.electriceyerock.com/2025/03/metallicas-immersive-concert-experience.html
metallica,Metallica,5345421111066808879,https://www.electriceyerock.com/2025/02/black-sabbath-reunites-again.html
metallica,Metallica,8057084301440051790,https://www.electriceyerock.com/2023/05/metallica-stade-de-france-saint-denis.html
metallica,Metallica,6235124858684994271,https://www.electriceyerock.com/2023/05/metallica-stade-de-france-paris-may.html
metallica,Metallica,4481123284901746864,https://www.electriceyerock.com/2023/04/metallicas-new-album-72-seasons-is-out.html
metallica,Metallica,1078737806192949531,https://www.electriceyerock.com/2023/04/watch-metallicas-performance-of-master.html
metallica,Metallica,8687770019243048589,https://www.electriceyerock.com/2023/04/metallica-announces-new-covers-ep.html
metallica,Metallica,3324405098402552528,https://www.electriceyerock.com/2023/03/epic-festival-line-up-confirmed-for.html
metallica,Metallica,1856266487691344792,https://www.electriceyerock.com/2023/03/metallica-iron-maiden-and-ozzy-osbourne.html
metallica,Metallica,3450891052451647371,https://www.electriceyerock.com/2023/01/listen-to-new-metallica-single-here.html
metallica,Metallica,6107122684473754287,https://www.electriceyerock.com/2022/11/listen-to-metallicas-new-single-here.html
metallica,Metallica,7080401538161250535,https://www.electriceyerock.com/2020/08/fridays-playlist-thrash-death-and-black.html
metallica,Metallica,6253673180231839360,https://www.electriceyerock.com/2017/09/metallica-accorhotels-arena-paris.html
method-of-defiance,Method of Defiance,2641889386035751609,https://www.electriceyerock.com/2020/02/method-of-defiance-salle-jacques-brel.html
michael-marcagi,Michael Marcagi,1756858588518487552,https://www.electriceyerock.com/2026/01/michael-marcagi-la-maroquinerie-paris.html
michael-marcagi,Michael Marcagi,5006777588254959288,https://www.electriceyerock.com/2026/01/evan-honer-la-maroquinerie-paris.html
michael-marcagi,Michael Marcagi,4122957464807603373,https://www.electriceyerock.com/2025/06/michael-marcagi-midwest-kid-in-paris.html
michael-marcagi,Michael Marcagi,7783760171903564804,https://www.electriceyerock.com/2025/05/michael-marcagi-adidas-arena-paris-may.html
michael-schenker,Michael Schenker,318162725635530265,https://www.electriceyerock.com/2026/02/michael-schenker-le-trianon-paris.html
michael-schenker,Michael Schenker,4625933225100025348,https://www.electriceyerock.com/2025/09/michael-schenker-to-celebrate-his-ufo.html
midnight-oil,Midnight Oil,2907299416384097886,https://www.electriceyerock.com/2017/07/midnight-oil-olympia-paris-july-25th.html
mike-stern,Mike Stern,4596218272023988565,https://www.electriceyerock.com/2015/04/mike-stern-new-morning-paris-april-13.html
mike-tramp,Mike Tramp,2934447624451482614,https://www.electriceyerock.com/2024/11/mike-tramp-elysee-montmartre-paris.html
mikkey-dee,Mikkey Dee,2016262289640600608,https://www.electriceyerock.com/2026/06/mikkey-dee-friends-play-motorhead.html
mikkey-dee,Mikkey Dee,5325042798496226743,https://www.electriceyerock.com/2019/04/alabama-bar-grand-opening-aprils-12th.html
militarie-gun,Militarie Gun,6802673014952990492,https://www.electriceyerock.com/2026/02/militarie-gun-la-maroquinerie-paris.html
militarie-gun,Militarie Gun,4134777209771515410,https://www.electriceyerock.com/2025/09/militarie-gun-in-paris-in-2026.html
mimi-barks,Mimi Barks,3362193983174062138,https://www.electriceyerock.com/2026/06/wargasm-nouveau-casino-paris-june-7th.html
mimi-barks,Mimi Barks,3964454616000733615,https://www.electriceyerock.com/2026/06/mimi-barks-nouveau-casino-paris-june.html
mondial-du-tatouage,Mondial du Tatouage,1873072782694013076,https://www.electriceyerock.com/2026/01/mondial-du-tatouage-grande-halle-de-la.html
mondial-du-tatouage,Mondial du Tatouage,8860365014610725696,https://www.electriceyerock.com/2026/01/napalm-death-tattoo-planetarium-paris.html
mondial-du-tatouage,Mondial du Tatouage,1969525538088714658,https://www.electriceyerock.com/2026/01/whiplash-tattoo-planetarium-paris.html
mondial-du-tatouage,Mondial du Tatouage,5310330220034938391,https://www.electriceyerock.com/2026/01/varukers-tattoo-planetarium-paris.html
mondial-du-tatouage,Mondial du Tatouage,5758447714051230467,https://www.electriceyerock.com/2026/01/dopelord-tattoo-planetarium-paris.html
mondial-du-tatouage,Mondial du Tatouage,497807291216761012,https://www.electriceyerock.com/2026/01/the-paris-tattoo-planetarium-will-hold.html
mondial-du-tatouage,Mondial du Tatouage,3970131694976104494,https://www.electriceyerock.com/2025/11/napalm-death-at-paris-tattoo-fest-in.html
mondial-du-tatouage,Mondial du Tatouage,8072057726927151075,https://www.electriceyerock.com/2025/02/mondial-du-tatouage-grande-halle-de-la.html
mononeon,MonoNeon,1887333461601402275,https://www.electriceyerock.com/2024/11/mononeon-alhambra-paris-november-25th.html
mononeon,MonoNeon,6386320249103238449,https://www.electriceyerock.com/2023/03/listen-to-mononeon-s-new-album-here.html
mononeon,MonoNeon,1908402188566888045,https://www.electriceyerock.com/2023/01/mononeon-badaboum-paris-january-24th.html
mononeon,MonoNeon,4253062553459285019,https://www.electriceyerock.com/2022/09/scary-goldings-feat-john-scofield.html
monster-truck,Monster Truck,3366044935940428596,https://www.electriceyerock.com/2017/06/monster-truck-accorhotels-arena-paris.html
monty-alexander,Monty Alexander,1848550250756678869,https://www.electriceyerock.com/2026/08/monty-alexander-birdland-nyc-august.html
morbid-angel,Morbid Angel,6171744279621653866,https://www.electriceyerock.com/2025/11/an-interview-with-david-vincent-of.html
morrissey,Morrissey,8251751456293931944,https://www.electriceyerock.com/2025/06/morrissey-le-zenith-paris-june-15th-2025.html
morrissey,Morrissey,1646119964606994164,https://www.electriceyerock.com/2025/02/morrissey-returns-to-paris-next-june.html
morrissey,Morrissey,7339863773953356606,https://www.electriceyerock.com/2024/04/the-cure-and-morrissey-to-play.html
morrissey,Morrissey,6529550234109871095,https://www.electriceyerock.com/2023/04/the-smiths-reunite-for-world-tour-and.html
morrissey,Morrissey,7098620415654595839,https://www.electriceyerock.com/2023/03/morrissey-salle-pleyel-paris-march-8th.html
mothica,Mothica,7620772252316443435,https://www.electriceyerock.com/2023/12/mothica-la-cigale-paris-december-5th.html
motionless-in-white,Motionless in White,3861822059879925036,https://www.electriceyerock.com/2025/04/motionless-in-white-returns-to-paris.html
motionless-in-white,Motionless in White,5179776168236737386,https://www.electriceyerock.com/2024/04/motionless-in-white-announce-euuk.html
motionless-in-white,Motionless in White,8696518255131311929,https://www.electriceyerock.com/2023/06/motionless-in-white-accor-arena-pairs.html
motorhead,Motörhead,2016262289640600608,https://www.electriceyerock.com/2026/06/mikkey-dee-friends-play-motorhead.html
motorhead,Motörhead,5325042798496226743,https://www.electriceyerock.com/2019/04/alabama-bar-grand-opening-aprils-12th.html
mouth-culture,Mouth Culture,5866804261018471819,https://www.electriceyerock.com/2026/02/mouth-culture-le-hasard-ludique-paris.html
mouth-culture,Mouth Culture,4554217262643014206,https://www.electriceyerock.com/2026/02/win-2-tickets-to-see-mouth-culture-in.html
mr-big,Mr. Big,8874628355267008692,https://www.electriceyerock.com/2024/03/mr-big-bataclan-paris-march-26th-2024.html
mrcy,MRCY,5820704188639620118,https://www.electriceyerock.com/2026/02/mrcy-le-trianon-paris-february-14th-2026.html
ms-lauryn-hill,Ms. Lauryn Hill,1284261799996561400,https://www.electriceyerock.com/2014/09/ms-lauryn-hill-zenith-paris-september.html
mudhoney,Mudhoney,5444872147852272773,https://www.electriceyerock.com/2024/09/mudhoney-trabendo-paris-september-3rd.html
murray-head,Murray Head,7274247106568454519,https://www.electriceyerock.com/2026/03/murray-head-olympia-paris-march-5th-2026.html
murray-head,Murray Head,2363258718463076070,https://www.electriceyerock.com/2025/03/murray-head-to-celebrate-80th-birthday.html
murray-head,Murray Head,7746978182417971678,https://www.electriceyerock.com/2021/12/murray-head-olympia-paris-december-8th.html
murray-head,Murray Head,2319077796172309009,https://www.electriceyerock.com/2021/12/chloe-foy-olympia-paris-december-8th.html
myrkur,Myrkur,6453941503420272646,https://www.electriceyerock.com/2016/11/myrkur-le-trianon-paris-november-22nd.html
nails,Nails,1596508426207222009,https://www.electriceyerock.com/2026/03/kreator-le-zenith-paris-march-24th-2026.html
nails,Nails,2737668372081751484,https://www.electriceyerock.com/2026/03/carcass-le-zenith-paris-march-24th-2026.html
nails,Nails,5101573600577112771,https://www.electriceyerock.com/2026/03/exodus-le-zenith-paris-march-24th-2026.html
nails,Nails,941237716104880962,https://www.electriceyerock.com/2026/03/nails-le-zenith-paris-march-24th-2026.html
napalm-death,Napalm Death,2283109314976078958,https://www.electriceyerock.com/2026/06/napalm-death-hellfest-clisson-june-21st.html
napalm-death,Napalm Death,8860365014610725696,https://www.electriceyerock.com/2026/01/napalm-death-tattoo-planetarium-paris.html
napalm-death,Napalm Death,497807291216761012,https://www.electriceyerock.com/2026/01/the-paris-tattoo-planetarium-will-hold.html
napalm-death,Napalm Death,3970131694976104494,https://www.electriceyerock.com/2025/11/napalm-death-at-paris-tattoo-fest-in.html
napalm-death,Napalm Death,4677787757479673655,https://www.electriceyerock.com/2023/02/napalm-death-la-machine-du-moulin-rouge.html
nas,Nas,2181305668310907384,https://www.electriceyerock.com/2024/11/nas-le-zenith-paris-november-7th-2024.html
neal-black-the-healers,Neal Black & the Healers,9155184363543111955,https://www.electriceyerock.com/2022/05/neal-black-healers-jazz-club-etoile.html
neal-morse,Neal Morse,305693298007253680,https://www.electriceyerock.com/2025/06/neal-morse-resonance-le-trianon-paris.html
neal-morse,Neal Morse,3933670530629649417,https://www.electriceyerock.com/2023/11/check-out-neal-morses-new-music-video.html
neal-morse,Neal Morse,4134233029190929704,https://www.electriceyerock.com/2023/02/listen-to-transatlantics-new-live-album.html
neal-morse,Neal Morse,5348409370546222016,https://www.electriceyerock.com/2022/07/transatlantic-lolympia-paris-july-28th.html
neal-morse,Neal Morse,3672796793371468597,https://www.electriceyerock.com/2022/06/neal-morse-band-trianon-paris-june-4th.html
ned-evett,Ned Evett,8672716534140153272,https://www.electriceyerock.com/2025/06/ned-evett-palais-des-congres-paris-june.html
neil-young-and-the-chrome-hearts,Neil Young and the Chrome Hearts,1466312016265681285,https://www.electriceyerock.com/2025/06/album-review-neil-young-and-chrome.html
new-years-day,New Years Day,3204629285535489414,https://www.electriceyerock.com/2025/01/new-years-day-les-etoiles-paris-january.html
nick-lowe,Nick Lowe,2948778618798242372,https://www.electriceyerock.com/2019/05/album-review-nick-lowe-love.html
nick-mason,Nick Mason,953699039614740564,https://www.electriceyerock.com/2022/06/nick-masons-saucerful-of-secrets-le.html
nightwish,Nightwish,3124541008960499514,https://www.electriceyerock.com/2026/08/floor-jansen-releases-new-video-tour.html
nightwish,Nightwish,8614416253253173993,https://www.electriceyerock.com/2023/02/tarja-turunen-la-cigale-paris-february.html
nightwish,Nightwish,3077772750433674205,https://www.electriceyerock.com/2018/11/nightwish-accorhotels-arena-paris.html
nile-rodgers,Nile Rodgers,3588529080695857933,https://www.electriceyerock.com/2024/07/nile-rodgers-chic-la-seine-musicale.html
nina-savary,Nina Savary,5302813021171820576,https://www.electriceyerock.com/2025/04/julien-gasco-duo-avec-nina-savary-petit.html
north-mississippi-allstars,North Mississippi Allstars,958396269745554809,https://www.electriceyerock.com/2014/06/north-mississippi-allstars-bataclan.html
o-r-k,O.R.K.,6790535469227330804,https://www.electriceyerock.com/2023/04/ork-osullivans-backstage-by-mill-paris.html
o-r-k,O.R.K.,6926407168340504258,https://www.electriceyerock.com/2019/03/ork-petit-bain-paris-march-17th-2019.html
o-r-k,O.R.K.,2172863284310974577,https://www.electriceyerock.com/2019/03/6-questions-with-pat-mastelotto-from.html
o-r-k,O.R.K.,6600157390408490823,https://www.electriceyerock.com/2019/02/album-review-ork-ramagehead.html
obituary,Obituary,6002956214474150102,https://www.electriceyerock.com/2024/11/obituary-cabaret-sauvage-paris-november.html
obituary,Obituary,2872941085338459794,https://www.electriceyerock.com/2024/10/obituary-le-zenith-paris-october-30th.html
obituary,Obituary,1266783852790609864,https://www.electriceyerock.com/2023/02/obituary-olympia-paris-february-1st-2023.html
obituary,Obituary,3214125785147217124,https://www.electriceyerock.com/2015/01/obituary-divan-du-monde-paris-january.html
obscura,Obscura,752717331627828553,https://www.electriceyerock.com/2026/06/obscura-hellfest-clisson-june-20th-2026.html
ocean-grove,Ocean Grove,918251889647245635,https://www.electriceyerock.com/2026/03/ocean-grove-olympia-paris-march-15th.html
old-man-s-child,Old Man's Child,5067616286948254780,https://www.electriceyerock.com/2026/06/old-mans-child-hellfest-clisson-june.html
opeth,Opeth,3370528218160896550,https://www.electriceyerock.com/2026/06/opeth-hellfest-clisson-june-19th-2026.html
opeth,Opeth,4361877733719652921,https://www.electriceyerock.com/2024/11/opeth-to-play-olympia-in-paris-in.html
opeth,Opeth,7862455767615482243,https://www.electriceyerock.com/2018/06/opeth-download-paris-june-15the-2018.html
opeth,Opeth,7585512112430171734,https://www.electriceyerock.com/2016/11/opeth-le-trianon-paris-november-22nd.html
oranssi-pazuzu,Oranssi Pazuzu,6077129048719759732,https://www.electriceyerock.com/2026/06/oranssi-pazuzu-hellfest-clisson-june.html
osees,Osees,8404072457259122373,https://www.electriceyerock.com/2025/05/osees-cabaret-sauvage-paris-may-15th.html
our-native-daughters,Our Native Daughters,2179480178320191860,https://www.electriceyerock.com/2019/02/album-review-our-native-daughters-songs.html
overkill,Overkill,5740307166289263160,https://www.electriceyerock.com/2023/04/overkill-trabendo-paris-april-26th-2023.html
ozzy-osbourne,Ozzy Osbourne,2359534297631016539,https://www.electriceyerock.com/2026/06/hellfest-tribute-to-ozzy-osbourne-video.html
ozzy-osbourne,Ozzy Osbourne,7568299591520638969,https://www.electriceyerock.com/2025/07/fridays-playlist-rip-ozzy-osbourne.html
ozzy-osbourne,Ozzy Osbourne,8387078373366448898,https://www.electriceyerock.com/2025/07/ozzy-osbourne-1948-2025.html
ozzy-osbourne,Ozzy Osbourne,4963184224119166336,https://www.electriceyerock.com/2025/07/rip-ozzy.html
ozzy-osbourne,Ozzy Osbourne,5345421111066808879,https://www.electriceyerock.com/2025/02/black-sabbath-reunites-again.html
ozzy-osbourne,Ozzy Osbourne,2305179160107814230,https://www.electriceyerock.com/2023/07/judas-priest-to-to-take-ozzys-slot-at.html
ozzy-osbourne,Ozzy Osbourne,9103916042646400235,https://www.electriceyerock.com/2023/07/ozzy-pulls-out-of-power-trip.html
ozzy-osbourne,Ozzy Osbourne,3324405098402552528,https://www.electriceyerock.com/2023/03/epic-festival-line-up-confirmed-for.html
ozzy-osbourne,Ozzy Osbourne,1856266487691344792,https://www.electriceyerock.com/2023/03/metallica-iron-maiden-and-ozzy-osbourne.html
ozzy-osbourne,Ozzy Osbourne,1576574389709548814,https://www.electriceyerock.com/2023/03/ozzy-hints-at-future-concerts-from.html
ozzy-osbourne,Ozzy Osbourne,129492563251178508,https://www.electriceyerock.com/2023/02/farewell-ozzy.html
ozzy-osbourne,Ozzy Osbourne,8651833606385881831,https://www.electriceyerock.com/2022/09/ozzy-osbourne-patient-number-nine.html
ozzy-osbourne,Ozzy Osbourne,4070072627371254197,https://www.electriceyerock.com/2018/06/ozzy-osbourne-download-paris-june-15th.html
ozzy-osbourne,Ozzy Osbourne,4863881152478540132,https://www.electriceyerock.com/2017/02/black-sabbath-genting-arena-birmingham.html
ozzy-osbourne,Ozzy Osbourne,544554226165231030,https://www.electriceyerock.com/2016/08/black-sabbath-mohegan-sun-uncasville-ct.html
ozzy-osbourne,Ozzy Osbourne,4571341512228743601,https://www.electriceyerock.com/2013/12/black-sabbath-palais-omnisport-de-paris.html
paerish,Paerish,2176848230263606217,https://www.electriceyerock.com/2025/10/paerish-le-forum-vaureal-october-3rd.html
papa-roach,Papa Roach,495853143677981490,https://www.electriceyerock.com/2026/06/papa-roach-hellfest-clisson-june-18th.html
papa-roach,Papa Roach,3044801337960034451,https://www.electriceyerock.com/2025/01/papa-roach-to-infest-paris-on-february.html
papangu,Papangu,1664759816246187865,https://www.electriceyerock.com/2026/08/papangu-le-klub-paris-august-21st-2026.html
parchman-prison-prayer,Parchman Prison Prayer,8268238552336314681,https://www.electriceyerock.com/2025/01/album-review-parchment-prison-prayer.html
parfum-noir,Parfum Noir,1476683822092715016,https://www.electriceyerock.com/2026/04/parfum-noir-la-machine-du-moulin-rouge.html
paris-jackson,Paris Jackson,1127478432676897812,https://www.electriceyerock.com/2026/08/paris-jackson-in-paris-in-fall.html
paris-jackson,Paris Jackson,3324391618570732471,https://www.electriceyerock.com/2024/04/paris-jacksons-biological-father.html
paris-jackson,Paris Jackson,2443780340118396514,https://www.electriceyerock.com/2022/03/paris-jackson-la-maroquinerie-paris.html
parliament,Parliament,4379148512202738137,https://www.electriceyerock.com/2020/10/fridays-mondays-playlist-bootsy-collins.html
parliament,Parliament,5788900228042170207,https://www.electriceyerock.com/2018/07/george-clinton-parliamentfunkadelic.html
pat-mastelotto,Pat Mastelotto,6790535469227330804,https://www.electriceyerock.com/2023/04/ork-osullivans-backstage-by-mill-paris.html
pat-mastelotto,Pat Mastelotto,7969963611666334477,https://www.electriceyerock.com/2023/01/in-court-of-crimson-king-king-crimson.html
pat-mastelotto,Pat Mastelotto,6926407168340504258,https://www.electriceyerock.com/2019/03/ork-petit-bain-paris-march-17th-2019.html
pat-mastelotto,Pat Mastelotto,2172863284310974577,https://www.electriceyerock.com/2019/03/6-questions-with-pat-mastelotto-from.html
pat-mastelotto,Pat Mastelotto,6600157390408490823,https://www.electriceyerock.com/2019/02/album-review-ork-ramagehead.html
pat-mastelotto,Pat Mastelotto,7600646654184497591,https://www.electriceyerock.com/2018/11/king-crimson-olympia-paris-november_17.html
pat-mastelotto,Pat Mastelotto,6079774829657245216,https://www.electriceyerock.com/2018/11/king-crimson-olympia-paris-november_16.html
pat-mastelotto,Pat Mastelotto,2508702198050233138,https://www.electriceyerock.com/2018/11/king-crimson-olympia-paris-november.html
pat-mastelotto,Pat Mastelotto,5196387953909219674,https://www.electriceyerock.com/2016/12/king-crimson-salle-pleyel-paris_4.html
pat-mastelotto,Pat Mastelotto,6618389109161826794,https://www.electriceyerock.com/2016/12/king-crimson-salle-pleyel-paris.html
pat-mastelotto,Pat Mastelotto,4822065064987851525,https://www.electriceyerock.com/2014/03/crimson-projekct-trabendo-paris-march.html
patrick-rondat,Patrick Rondat,303898491177059921,https://www.electriceyerock.com/2026/04/patrick-rondat-la-maroquinerie-paris.html
patrick-rondat,Patrick Rondat,651349634159953891,https://www.electriceyerock.com/2025/06/patrick-rondat-to-shred-at-la.html
patristic,Patristic,8556668032802695274,https://www.electriceyerock.com/2026/03/patristic-petit-bain-paris-march-25th.html
patterson-hood,Patterson Hood,769330683119258944,https://www.electriceyerock.com/2025/01/patterson-hood-exploding-trees-and.html
patterson-hood,Patterson Hood,1060055625102287633,https://www.electriceyerock.com/2022/06/drive-by-truckers-la-maroquinerie-paris.html
patterson-hood,Patterson Hood,2203486788621291531,https://www.electriceyerock.com/2022/06/jerry-joseph-la-maroquinerie-paris-june.html
patti-smith,Patti Smith,7996739657977668466,https://www.electriceyerock.com/2026/04/patti-smith-set-for-in-store-book.html
patti-smith,Patti Smith,6674719597732042770,https://www.electriceyerock.com/2025/02/patti-smiths-horses-50-year-anniversary.html
patti-smith,Patti Smith,8383799708265909921,https://www.electriceyerock.com/2019/08/patti-smith-olympia-paris-august-27th.html
patty-griffin,Patty Griffin,7386175556759659660,https://www.electriceyerock.com/2019/03/album-review-patty-griffin-patty-griffin.html
paul-mccartney,Paul McCartney,2320570836049214833,https://www.electriceyerock.com/2026/03/new-paul-mccartney-album-announced.html
paul-mccartney,Paul McCartney,7529626689984440245,https://www.electriceyerock.com/2020/11/fridays-playlist-awesome-beatles-cover.html
paul-mccartney,Paul McCartney,4884946077021272801,https://www.electriceyerock.com/2020/11/fridays-playlist-awesome-beatles-covers.html
paul-mccartney,Paul McCartney,4767992535072974435,https://www.electriceyerock.com/2020/10/fridays-playlist-awesome-beatles-covers.html
paul-mccartney,Paul McCartney,311406651220854802,https://www.electriceyerock.com/2018/11/paul-mccartney-la-defense-arena-paris.html
paul-mccartney,Paul McCartney,2800623550643988046,https://www.electriceyerock.com/2015/06/paul-mccartney-stade-de-france-st-denis.html
peter-hook-the-light,Peter Hook & The Light,8154574861024207518,https://www.electriceyerock.com/2025/03/peter-hook-light-elysee-montmartre.html
peter-hook-the-light,Peter Hook & The Light,6334462621643443118,https://www.electriceyerock.com/2025/03/peter-hook-to-celebrate-joy-division.html
pink-balls-sister,Pink Balls Sister,6680970813435794446,https://www.electriceyerock.com/2026/07/pink-balls-sister-la-dame-de-canton.html
pink-monkey-birds,Pink Monkey Birds,2351220196593393342,https://www.electriceyerock.com/2025/12/kid-congo-will-return-to-paris-in-march.html
pink-monkey-birds,Pink Monkey Birds,2666842733030736701,https://www.electriceyerock.com/2024/09/kid-congo-pink-money-birds-trabendo.html
pink-monkey-birds,Pink Monkey Birds,253652706929539857,https://www.electriceyerock.com/2023/11/kid-congo-powers-new-album-that.html
pink-monkey-birds,Pink Monkey Birds,4996563587352633649,https://www.electriceyerock.com/2023/10/kid-congo-and-pink-monkey-birds-la.html
pinky-pinky,Pinky Pinky,4118084166758775297,https://www.electriceyerock.com/2019/06/album-review-pinky-pinky-turkey-dinner.html
pixies,Pixies,6379233620449477881,https://www.electriceyerock.com/2024/03/pixies-olympia-paris-march-27th-2024.html
pixies,Pixies,2603652188889632347,https://www.electriceyerock.com/2023/06/the-pixies-to-return-to-paris-for-three.html
pixies,Pixies,7660409720664891464,https://www.electriceyerock.com/2023/03/watch-livestream-of-pixies-paris.html
pixies,Pixies,7370373257934382715,https://www.electriceyerock.com/2023/03/the-pixies-olympia-paris-march-15th-2023.html
playlist,Playlist,4579274501673632187,https://www.electriceyerock.com/2026/08/fridays-playlist-dolly-rocks.html
playlist,Playlist,904706650150525273,https://www.electriceyerock.com/2026/06/fridays-playlist-her-alternative-nation.html
playlist,Playlist,3563979976210265059,https://www.electriceyerock.com/2026/05/fridays-playlist-change-is-gonna-come.html
playlist,Playlist,3719200508138161116,https://www.electriceyerock.com/2026/05/fridays-playlist-mixing-desk-hero-jack.html
playlist,Playlist,3174709867301316672,https://www.electriceyerock.com/2026/05/fridays-playlist-all-new-dudes.html
playlist,Playlist,8200551084380929548,https://www.electriceyerock.com/2026/05/fridays-playlist-haunted-highways-texas.html
playlist,Playlist,7116314139403063382,https://www.electriceyerock.com/2026/04/fridays-playlist-contemporary-bedroom.html
playlist,Playlist,2526152154158755624,https://www.electriceyerock.com/2026/04/fridays-playlist-stoned-in-desert.html
playlist,Playlist,2073130613575012966,https://www.electriceyerock.com/2026/04/fridays-playlist-jazzfunk-fusion.html
playlist,Playlist,7918213641451563008,https://www.electriceyerock.com/2026/03/fridays-playlist-this-is-new-sht.html
playlist,Playlist,2807818332892729715,https://www.electriceyerock.com/2026/02/fridays-playlist-new-rock-scene.html
playlist,Playlist,5971536888028710696,https://www.electriceyerock.com/2026/02/fridays-playlist-nyhc.html
playlist,Playlist,8370126359661824275,https://www.electriceyerock.com/2026/01/fridays-playlist-2025-in-concert.html
playlist,Playlist,7269092301204714020,https://www.electriceyerock.com/2025/11/fridays-playlist-electric-eye.html
playlist,Playlist,2911489106726293020,https://www.electriceyerock.com/2025/11/fridays-playlist-roaring-twenties.html
playlist,Playlist,3828152786903278842,https://www.electriceyerock.com/2025/11/fridays-playlist-root-of-all-evil-early.html
playlist,Playlist,3103068683981199869,https://www.electriceyerock.com/2025/10/fridays-playlist-happy-halloween-2025.html
playlist,Playlist,7326510772906504762,https://www.electriceyerock.com/2025/10/fridays-playlist-songs-from-stripping.html
playlist,Playlist,6291159384653057429,https://www.electriceyerock.com/2025/10/fridays-playlist-rip-space-ace.html
playlist,Playlist,3479038620422598522,https://www.electriceyerock.com/2025/10/fridays-playlist-certified-bangers.html
playlist,Playlist,7606479888118298214,https://www.electriceyerock.com/2025/09/fridays-playlist-sound-of-uprising.html
playlist,Playlist,7734828931670318613,https://www.electriceyerock.com/2025/09/fridays-playlist-wanted-outlaw-country.html
playlist,Playlist,5169737827199285646,https://www.electriceyerock.com/2025/08/fridays-playlist-feuds-diss-tracks.html
playlist,Playlist,6869415956724038369,https://www.electriceyerock.com/2025/08/fridays-playlist-sole-power.html
playlist,Playlist,171819747537026487,https://www.electriceyerock.com/2025/08/fridays-playlist-vacation.html
playlist,Playlist,7568299591520638969,https://www.electriceyerock.com/2025/07/fridays-playlist-rip-ozzy-osbourne.html
playlist,Playlist,3795315809158192687,https://www.electriceyerock.com/2025/07/fridays-playlist-future-of-blues-guitar.html
playlist,Playlist,2551623195371935588,https://www.electriceyerock.com/2025/07/fridays-playlist-80s-movies.html
playlist,Playlist,2286376849683413689,https://www.electriceyerock.com/2025/07/fridays-playlist-rough-cuts-demos-pt-2.html
playlist,Playlist,8413441034149285402,https://www.electriceyerock.com/2025/06/fridays-playlist-cosmic-voyage.html
playlist,Playlist,5125395608182886992,https://www.electriceyerock.com/2025/06/fridays-playlist-big-band-rock.html
playlist,Playlist,6739418241505578691,https://www.electriceyerock.com/2025/06/fridays-playlist-jess-ed-davis-sessions.html
playlist,Playlist,1389296154009821619,https://www.electriceyerock.com/2025/06/fridays-playlist-hard-times.html
playlist,Playlist,6203291366995807829,https://www.electriceyerock.com/1991/04/fridays-playlist-explicit.html
playlist,Playlist,6421508957461921360,https://www.electriceyerock.com/2025/05/fridays-playlist-leave-this-old-city.html
playlist,Playlist,4742487595862236110,https://www.electriceyerock.com/2025/05/fridays-playlist-mixing-desk-hero.html
playlist,Playlist,7099795494500849132,https://www.electriceyerock.com/2025/05/fridays-playlist-sonic-museum.html
playlist,Playlist,9014708091212217340,https://www.electriceyerock.com/2025/04/fridays-playlist-psytrance.html
playlist,Playlist,4517634727334719709,https://www.electriceyerock.com/2025/04/fridays-playlist-60s-70s-horror-rock.html
playlist,Playlist,8688852370191632088,https://www.electriceyerock.com/2025/04/fridays-playlist-great-gig-in-sky.html
playlist,Playlist,1392601531657781694,https://www.electriceyerock.com/2025/03/fridays-playlist-hangover-tunes.html
playlist,Playlist,8401635038513796232,https://www.electriceyerock.com/2025/03/fridays-playlist-spiritual-jazz.html
playlist,Playlist,744323713530773686,https://www.electriceyerock.com/2025/03/fridays-playlist-playlist-they-dont.html
playlist,Playlist,5348023517822513671,https://www.electriceyerock.com/2025/03/fridays-playlist-mixing-desk-hero-allen.html
playlist,Playlist,7239929175618169465,https://www.electriceyerock.com/2025/02/fridays-playlist-cubist-blues.html
playlist,Playlist,7476349356337927129,https://www.electriceyerock.com/2025/02/fridays-playlist-lovin-stereo.html
playlist,Playlist,7728270264264596729,https://www.electriceyerock.com/2025/02/fridays-playlist-roots-twang-50.html
playlist,Playlist,5972738813739097422,https://www.electriceyerock.com/2025/02/fridays-playlist-gypsy-punk-not-dead.html
playlist,Playlist,3571040577081820875,https://www.electriceyerock.com/2025/01/fridays-playlist-rough-cuts-demos.html
playlist,Playlist,3366392465870711251,https://www.electriceyerock.com/2025/01/fridays-playlist-in-heaven-everything.html
playlist,Playlist,4311578605664536322,https://www.electriceyerock.com/2025/01/fridays-playlist-waves-of-darkness.html
playlist,Playlist,6675814301477920205,https://www.electriceyerock.com/2025/01/fridays-playlist-new-year-new-sounds.html
playlist,Playlist,7598812793630221947,https://www.electriceyerock.com/2025/01/fridays-playlist-our-2024-concert-recap.html
playlist,Playlist,1820784771573979349,https://www.electriceyerock.com/2024/01/fridays-playlist-memento-mori.html
playlist,Playlist,5470235059728414739,https://www.electriceyerock.com/2023/12/fridays-playlist-2023-concerts.html
playlist,Playlist,1081290167064794504,https://www.electriceyerock.com/2023/12/fridays-playlist-anti-solos-and-one.html
playlist,Playlist,6286263352461566990,https://www.electriceyerock.com/2023/10/fridays-playlist-more-stuff.html
playlist,Playlist,4017241358108823770,https://www.electriceyerock.com/2023/02/fridays-playlist-ripbb.html
playlist,Playlist,218994411280184463,https://www.electriceyerock.com/2023/01/fridays-playlist-rip-david-crosby.html
playlist,Playlist,6587838000013709121,https://www.electriceyerock.com/2023/01/fridays-playlist-ripjb.html
playlist,Playlist,4007238671433430963,https://www.electriceyerock.com/2022/12/fridays-playlist-concerts-of-2022.html
playlist,Playlist,4303280262109092306,https://www.electriceyerock.com/2022/12/fridays-playlist-odes-to-onan.html
playlist,Playlist,6939280639394856962,https://www.electriceyerock.com/2022/12/fridays-playlist-rip-christine-mcvie.html
playlist,Playlist,8203080552496766470,https://www.electriceyerock.com/2022/09/fridays-playlist-queen-is-dead.html
playlist,Playlist,537468136879327921,https://www.electriceyerock.com/2022/07/fridays-playlist-voodoo-rock.html
playlist,Playlist,4735671783489128577,https://www.electriceyerock.com/2022/06/fridays-playlist-americana.html
playlist,Playlist,1610353035664431974,https://www.electriceyerock.com/2022/06/fridays-playlist-stuff.html
playlist,Playlist,3804551956978832884,https://www.electriceyerock.com/2022/06/fridays-playlist-elliot-easton-sessions.html
playlist,Playlist,7868510053332712892,https://www.electriceyerock.com/2022/06/fridays-playlist-happy-pride-month.html
playlist,Playlist,6969065840201392935,https://www.electriceyerock.com/2022/05/fridays-playlist-last-weeks-originals.html
playlist,Playlist,727069340473181708,https://www.electriceyerock.com/2022/04/fridays-playlist-awesome-covers-part.html
playlist,Playlist,8181136931668453708,https://www.electriceyerock.com/2022/04/fridays-playlist-awesome-bass-solos-pt3.html
playlist,Playlist,7307861545240698295,https://www.electriceyerock.com/2022/04/fridays-playlist-awesome-guitar-solos.html
playlist,Playlist,4134088118842963789,https://www.electriceyerock.com/2022/04/fridays-playlist-ollie-halsall-sessions.html
playlist,Playlist,4515086203988827785,https://www.electriceyerock.com/2022/04/fridays-playlist-john-mcgeoch-sessions.html
playlist,Playlist,1872153292468946756,https://www.electriceyerock.com/2022/03/fridays-playlist-gibberish-songs.html
playlist,Playlist,6634206315459634891,https://www.electriceyerock.com/2022/03/fridays-playlist-psycho-killer.html
playlist,Playlist,4587571542231043045,https://www.electriceyerock.com/2022/03/fridays-playlist-celtic-rock.html
playlist,Playlist,6083769382831904777,https://www.electriceyerock.com/2022/01/fridays-playlist-gospel-rock.html
playlist,Playlist,5069478039184807193,https://www.electriceyerock.com/2022/02/fridays-playlist-modern-music.html
playlist,Playlist,2307893610637805632,https://www.electriceyerock.com/2022/02/fridays-playlist-ego-bands.html
playlist,Playlist,5188081859344860183,https://www.electriceyerock.com/2022/02/fridays-playlist-reggae.html
playlist,Playlist,900111687676300797,https://www.electriceyerock.com/2022/02/fridays-playlist-gorgeous-vocal.html
playlist,Playlist,7772040770442318076,https://www.electriceyerock.com/2021/11/fridays-playlist-twin-guitar-attacks.html
playlist,Playlist,4399890500175312233,https://www.electriceyerock.com/2022/01/fridays-playlist-complex-pop-songs.html
playlist,Playlist,6971939431314692685,https://www.electriceyerock.com/2022/01/fridays-playlist-third-stream.html
playlist,Playlist,5593133533775041396,https://www.electriceyerock.com/2022/01/fridays-playlist-gary-lucas-sessions.html
playlist,Playlist,8746862784843503627,https://www.electriceyerock.com/2021/12/fridays-playlist-best-of-2021.html
playlist,Playlist,5978078701545711909,https://www.electriceyerock.com/2021/12/fridays-playlist-thank-you-for-talkin.html
playlist,Playlist,7358843701583335684,https://www.electriceyerock.com/2021/12/fridays-playlist-unsung-guitar-heroes.html
playlist,Playlist,4514746873156821020,https://www.electriceyerock.com/2021/12/fridays-playlist-robert-quine-sessions.html
playlist,Playlist,3651437524185814177,https://www.electriceyerock.com/2021/12/fridays-playlist-madchester-and-rave.html
playlist,Playlist,1988428375764235494,https://www.electriceyerock.com/2021/11/fridays-mondays-playlist-george.html
playlist,Playlist,8969298000177729501,https://www.electriceyerock.com/2021/11/fridays-playlist-prog-rock-pond-scum.html
playlist,Playlist,8502238999075859408,https://www.electriceyerock.com/2021/11/fridays-playlist-power-ballads.html
playlist,Playlist,3096538117204879226,https://www.electriceyerock.com/2021/11/fridays-playlist-shredders.html
playlist,Playlist,5319548300328057194,https://www.electriceyerock.com/2021/11/fridays-playlist-awesome-bass-solos-pt-2.html
playlist,Playlist,3072575656587270529,https://www.electriceyerock.com/2021/10/playlist-happy-halloween-2021.html
playlist,Playlist,7418694729678249451,https://www.electriceyerock.com/2021/10/fridays-playlist-great-vocal.html
playlist,Playlist,5208808827753382040,https://www.electriceyerock.com/2021/10/fridays-playlist-just-cool-rock-shit-pt2.html
playlist,Playlist,8167340472466802976,https://www.electriceyerock.com/2021/10/fridays-playlist-instru-mentals.html
playlist,Playlist,5232616791650033278,https://www.electriceyerock.com/2021/10/fridays-playlist-mixing-desk-hero-tom.html
playlist,Playlist,6870470537069031855,https://www.electriceyerock.com/2021/10/fridays-playlist-awesome-guitar-solos.html
playlist,Playlist,4150677811369885457,https://www.electriceyerock.com/2021/09/fridays-playlist-rhythm-in-peace.html
playlist,Playlist,4006250032968092756,https://www.electriceyerock.com/2021/08/fridays-playlist-pretty-songs.html
playlist,Playlist,2896607517201569789,https://www.electriceyerock.com/2021/07/fridays-playlist-lets-get-brootal.html
playlist,Playlist,6116963507080794557,https://www.electriceyerock.com/2021/07/fridays-playlist-funny-songs.html
playlist,Playlist,8722055418536886424,https://www.electriceyerock.com/2021/07/fridays-playlist-happy-birthday-maggot.html
playlist,Playlist,8073384665117912241,https://www.electriceyerock.com/2021/07/fridays-playlist-awesome-guitar-solos.html
playlist,Playlist,3064786396498170507,https://www.electriceyerock.com/2021/06/fridays-playlist-awesome-bass-solos-pt1.html
playlist,Playlist,5884906666607567132,https://www.electriceyerock.com/2021/06/songs-from-brill-building.html
playlist,Playlist,5211043925291294127,https://www.electriceyerock.com/2021/01/fridays-playlist-happy-new-year-and.html
playlist,Playlist,7529626689984440245,https://www.electriceyerock.com/2020/11/fridays-playlist-awesome-beatles-cover.html
playlist,Playlist,7675735485831695554,https://www.electriceyerock.com/2020/11/fridays-playlist-variations-on-bo.html
playlist,Playlist,4884946077021272801,https://www.electriceyerock.com/2020/11/fridays-playlist-awesome-beatles-covers.html
playlist,Playlist,9217018481249205717,https://www.electriceyerock.com/2020/10/fridays-playlist-fuck-trump-go-vote.html
playlist,Playlist,4379148512202738137,https://www.electriceyerock.com/2020/10/fridays-mondays-playlist-bootsy-collins.html
playlist,Playlist,7578604748915900945,https://www.electriceyerock.com/2020/10/fridays-playlist-rap-and-hip-hop.html
playlist,Playlist,4767992535072974435,https://www.electriceyerock.com/2020/10/fridays-playlist-awesome-beatles-covers.html
playlist,Playlist,4727708669056918672,https://www.electriceyerock.com/2020/10/fridays-playlist-just-cool-rock-shit.html
playlist,Playlist,1368477142979362132,https://www.electriceyerock.com/2020/09/fridays-playlist-eponymous-songs.html
playlist,Playlist,4632192447619681790,https://www.electriceyerock.com/2020/09/fridays-playlist-mixing-desk-hero-bob.html
playlist,Playlist,4367369425669846290,https://www.electriceyerock.com/2020/09/fridays-playlist-children-of-jimi.html
playlist,Playlist,4505518906705641971,https://www.electriceyerock.com/2020/09/fridays-playlist-southern-rock-epics.html
playlist,Playlist,2456946570664612664,https://www.electriceyerock.com/2020/09/fridays-playlist-make-it-funky.html
playlist,Playlist,7080401538161250535,https://www.electriceyerock.com/2020/08/fridays-playlist-thrash-death-and-black.html
playlist,Playlist,5431942869794239221,https://www.electriceyerock.com/2020/08/fridays-playlist-great-live.html
playlist,Playlist,3599542957267033205,https://www.electriceyerock.com/2020/08/fridays-playlist-awesome-guitar-solos.html
playlist,Playlist,7222916313010048448,https://www.electriceyerock.com/2020/08/fridays-mondays-playlist-mixing-desk.html
playlist,Playlist,3661582300247925350,https://www.electriceyerock.com/2020/08/fridays-playlist-songs-about-real-people.html
playlist,Playlist,2896586734683367007,https://www.electriceyerock.com/2020/07/fridays-playlist-free-jazz.html
playlist,Playlist,1272766445233370171,https://www.electriceyerock.com/2020/07/fridays-playlist-welcome-to-new-orleans.html
playlist,Playlist,4463205451514931965,https://www.electriceyerock.com/2020/07/fridays-playlist-unusual-songs-by.html
playlist,Playlist,8882332403415508247,https://www.electriceyerock.com/2020/07/fridays-playlist-songs-with-sequels.html
playlist,Playlist,3721690197527056436,https://www.electriceyerock.com/2020/07/fridays-playlist-canterbury-scene.html
playlist,Playlist,6222075056498683305,https://www.electriceyerock.com/2020/06/fridays-playlist-welcome-to-apocalypse.html
playlist,Playlist,1866534432851771970,https://www.electriceyerock.com/2020/05/fridays-saturdays-playlist-ronnie-james.html
playlist,Playlist,2438256936409907234,https://www.electriceyerock.com/2020/03/fridays-playlist-eric-clapton-sessions.html
playlist,Playlist,1720324729280106216,https://www.electriceyerock.com/2020/03/fridays-playlist-rock-operas-concept.html
playlist,Playlist,5417901119305502070,https://www.electriceyerock.com/2020/02/fridays-playlist-filthy-lucre.html
playlist,Playlist,9166712390950902219,https://www.electriceyerock.com/2020/02/fridays-playlist-flying-solo.html
playlist,Playlist,2390240941853052409,https://www.electriceyerock.com/2020/02/fridays-playlist-awesome-guitar-solos.html
playlist,Playlist,6981178885433499655,https://www.electriceyerock.com/2020/01/fridays-playlist-last-weeks-originals.html
playlist,Playlist,3993465178617483854,https://www.electriceyerock.com/2020/01/fridays-playlist-awesome-covers-part.html
playlist,Playlist,4842623793717574221,https://www.electriceyerock.com/2020/01/fridays-playlist-layla-and-assorted.html
playlist,Playlist,478890040675061692,https://www.electriceyerock.com/2020/01/fridays-playlist-slash-sessions.html
playlist,Playlist,1158533944436168877,https://www.electriceyerock.com/2020/01/fridays-playlist-great-live.html
playlist,Playlist,4102591067490247024,https://www.electriceyerock.com/2019/12/fridays-playlist-blues-classics.html
playlist,Playlist,359131048528745795,https://www.electriceyerock.com/2019/12/fridays-playlist-trip-hop-techno.html
playlist,Playlist,6109867598857686080,https://www.electriceyerock.com/2019/12/fridays-playlist-new-jazz.html
playlist,Playlist,4309630624829153311,https://www.electriceyerock.com/2019/12/fridays-playlist-awesome-guitar-solos.html
playlist,Playlist,8803405120689840004,https://www.electriceyerock.com/2019/11/fridays-playlist-last-weeks-originals.html
playlist,Playlist,6507618438441958948,https://www.electriceyerock.com/2019/11/fridays-playlist-awesome-covers-part-two.html
playlist,Playlist,1836146200851918953,https://www.electriceyerock.com/2019/10/friday-thursdays-playlist-happy.html
playlist,Playlist,796317120061443428,https://www.electriceyerock.com/2019/10/fridays-playlist-robert-fripp-sessions.html
playlist,Playlist,2800996961890914880,https://www.electriceyerock.com/2019/10/fridays-playlist-happy-chuck-berry-day.html
playlist,Playlist,2637720958971536178,https://www.electriceyerock.com/2019/10/fridays-playlist-rip-ginger-baker.html
playlist,Playlist,7912847967210345082,https://www.electriceyerock.com/2019/10/fridays-playlist-fictional-bands.html
playlist,Playlist,5808337602299345193,https://www.electriceyerock.com/2019/09/fridays-playlist-last-weeks-originals.html
playlist,Playlist,7174372777884231747,https://www.electriceyerock.com/2019/09/fridays-playlist-awesome-covers-part-one.html
playlist,Playlist,3112552504319531091,https://www.electriceyerock.com/2019/09/fridays-playlist-back-to-school.html
playlist,Playlist,8601567141336987278,https://www.electriceyerock.com/2019/09/fridays-playlist-new-wave-of-british.html
playlist,Playlist,7382607665552829187,https://www.electriceyerock.com/2019/08/fridays-playlist-parkas-bowl-cuts-80s.html
playlist,Playlist,1102774103806932971,https://www.electriceyerock.com/2019/08/fridays-playlist-post-rock-noise-rock.html
playlist,Playlist,95387562388267424,https://www.electriceyerock.com/2019/08/fridays-playlist-new-york-ny.html
playlist,Playlist,8159536788448361828,https://www.electriceyerock.com/2019/08/fridays-playlist-best-of-2019.html
playlist,Playlist,4099998552533498870,https://www.electriceyerock.com/2019/07/fridays-playlist-freak-out-guitar-solos.html
playlist,Playlist,6123830116087250989,https://www.electriceyerock.com/2019/07/fridays-playlist-symphonic-metal.html
playlist,Playlist,4243861207921121145,https://www.electriceyerock.com/2019/07/fridays-playlist-bastille-day.html
playlist,Playlist,9069955546494167979,https://www.electriceyerock.com/2019/07/fridays-playlist-independence-day.html
playlist,Playlist,3893205217374555701,https://www.electriceyerock.com/2019/06/fridays-playlist-sounds-of-summer.html
playlist,Playlist,6731463045935653908,https://www.electriceyerock.com/2019/06/mondays-playlist-jeff-beck-sessions.html
playlist,Playlist,2699914293934194137,https://www.electriceyerock.com/2019/06/fridays-playlist-fete-de-la-musique-2019.html
playlist,Playlist,3524986894439185758,https://www.electriceyerock.com/2019/06/fridays-playlist-songs-of-debauchery.html
playlist,Playlist,8969445565877014328,https://www.electriceyerock.com/2019/06/fridays-playlist-songs-of-war.html
playlist,Playlist,1955432718048670012,https://www.electriceyerock.com/2019/02/fridays-playlist-power-pop.html
playlist,Playlist,7743800357344238409,https://www.electriceyerock.com/2019/02/fridays-playlist-songs-of-bile-and.html
playlist,Playlist,5092519113373342036,https://www.electriceyerock.com/2019/01/fridays-playlist-chamber-pop.html
plini,Plini,8916464660708434250,https://www.electriceyerock.com/2026/05/plini-le-trianon-paris-may-19th-2026.html
plus-pres-de-toi,Plus Près De Toi,107331801455873729,https://www.electriceyerock.com/2018/06/derniere-de-plus-pres-de-toi-radio-nova.html
point-mort,Point Mort,5635874593005522014,https://www.electriceyerock.com/2026/06/point-mort-hellfest-clisson-june-19th.html
popa-chubby,Popa Chubby,6118205973813741745,https://www.electriceyerock.com/2025/09/popa-chubby-cancels-all-live.html
popa-chubby,Popa Chubby,6306836332437186413,https://www.electriceyerock.com/2024/12/popa-chubby-announces-french-tour.html
popa-chubby,Popa Chubby,7550535291629082499,https://www.electriceyerock.com/2024/03/popa-chubby-olympia-paris-march-17th.html
popa-chubby,Popa Chubby,5897983428817135018,https://www.electriceyerock.com/2023/07/popa-chubby-to-release-new-live-album.html
popa-chubby,Popa Chubby,3755524163522691070,https://www.electriceyerock.com/2022/07/popa-chubby-cabaret-sauvage-paris-july.html
popa-chubby,Popa Chubby,4648068387740684559,https://www.electriceyerock.com/2021/10/popa-chubby-olympia-paris-october-10th.html
popa-chubby,Popa Chubby,8425485801655347107,https://www.electriceyerock.com/1996/12/popa-chubby-chicago-blues-new-york-city.html
poppy,Poppy,9024104488092835330,https://www.electriceyerock.com/2026/03/poppy-olympia-paris-march-15th-2026.html
posies,Posies,2390295236461404911,https://www.electriceyerock.com/2019/02/5-questions-with-ken-stringfellow-of.html
posies,Posies,3805993242878470631,https://www.electriceyerock.com/2016/04/the-posies-point-ephemere-paris-april_8.html
possessed,Possessed,7284301784016382234,https://www.electriceyerock.com/2026/06/possessed-hellfest-clisson-june-21st.html
possessed,Possessed,2693319550651092440,https://www.electriceyerock.com/2025/12/possessed-la-machine-du-moulin-rouge.html
possessed,Possessed,4897045809107723542,https://www.electriceyerock.com/2025/08/morbidfest-2025-brings-extreme-metal.html
pretenders,Pretenders,3070621368283662940,https://www.electriceyerock.com/2017/06/the-pretenders-salle-pleyel-paris-june.html
pretty-reckless,Pretty Reckless,5487284523222466559,https://www.electriceyerock.com/2026/06/the-pretty-reckless-hellfest-clisson.html
primal-scream,Primal Scream,8659866150983803778,https://www.electriceyerock.com/2017/06/primal-scream-la-gaite-lyrique-paris.html
psychedelic-furs,Psychedelic Furs,8009759073602098096,https://www.electriceyerock.com/2025/05/the-psychedelic-furs-to-play-paris-in.html
psychedelic-furs,Psychedelic Furs,1362808471337914277,https://www.electriceyerock.com/2017/08/psychedelic-furs-elysee-montmartre.html
psychedelic-porn-crumpets,Psychedelic Porn Crumpets,8292265656796098565,https://www.electriceyerock.com/2026/03/psychedelic-porn-crumpets-bataclan.html
psychic-graveyard,Psychic Graveyard,4680001767287246310,https://www.electriceyerock.com/2025/05/psychic-graveyard-cabaret-sauvage-paris.html
public-enemy,Public Enemy,7986266306514115848,https://www.electriceyerock.com/2025/01/chuck-d-responds-to-those-oh-so-edgy-oh.html
public-enemy,Public Enemy,7578604748915900945,https://www.electriceyerock.com/2020/10/fridays-playlist-rap-and-hip-hop.html
public-enemy,Public Enemy,3150319714720866125,https://www.electriceyerock.com/2019/05/public-enemy-radio-accorhotels-arena.html
public-house,Public House,5324647690246208344,https://www.electriceyerock.com/2026/07/public-house-la-maroquinerie-paris-july.html
public-image-ltd,Public Image Ltd.,5964205104234627346,https://www.electriceyerock.com/2025/11/john-lydon-brings-pil-back-to-le.html
public-image-ltd,Public Image Ltd.,4305290486332651068,https://www.electriceyerock.com/2023/10/public-image-ltd-trianon-paris-october.html
public-image-ltd,Public Image Ltd.,6811582673906706084,https://www.electriceyerock.com/2023/01/check-out-public-image-ltds-new-single.html
public-image-ltd,Public Image Ltd.,6074686158000711947,https://www.electriceyerock.com/2019/03/johnny-rotten-vs-punk-vs-world.html
public-service-broadcasting,Public Service Broadcasting,2523760711754235364,https://www.electriceyerock.com/2025/11/public-service-broadcasting-alhambra.html
public-service-broadcasting,Public Service Broadcasting,7361904185826019256,https://www.electriceyerock.com/2025/10/public-service-broadcasting-to-visit.html
pulp,Pulp,6084571805660090427,https://www.electriceyerock.com/2025/06/album-review-pulp-more.html
pythies,Pythies,5510811359988627366,https://www.electriceyerock.com/2025/10/pythies-la-maroquinerie-paris-october.html
q-lazzarus,Q Lazzarus,6821140633058525227,https://www.electriceyerock.com/2025/02/album-review-q-lazzarus-many-lives-of-q.html
queen-bee,QUEEN BEE,585624301904655831,https://www.electriceyerock.com/2026/07/queen-bee-bataclan-paris-july-26th-2026.html
queensryche,Queensrÿche,1965193256796018806,https://www.electriceyerock.com/2026/06/queensryche-hellfest-clisson-june-19th.html
queensryche,Queensrÿche,5980535586157484716,https://www.electriceyerock.com/2025/02/queensryche-at-le-trianon-paris.html
rammstein,Rammstein,3017075242384995187,https://www.electriceyerock.com/2019/05/album-review-rammstein-rammstein.html
raphael-saadiq,Raphael Saadiq,925276057525268500,https://www.electriceyerock.com/2019/10/raphael-saadiq-elysee-montmartre-paris.html
raven-age,Raven Age,1657785999428087839,https://www.electriceyerock.com/2018/07/the-raven-age-accorhotels-arena-bercy.html
renaud,Renaud,3193678338922733540,https://www.electriceyerock.com/2026/05/renaud-et-ses-invites-le-zenith-paris.html
renaud,Renaud,5742806350415928630,https://www.electriceyerock.com/2025/11/renaud-annonce-trois-concerts-paris.html
renaud,Renaud,8936115794068836505,https://www.electriceyerock.com/2020/10/renaud-putain-dexpo-la-cite-de-la.html
renaud,Renaud,8148178070063673120,https://www.electriceyerock.com/2017/05/renaud-le-zenith-paris-may-20th-2017.html
renaud,Renaud,7162705483818491789,https://www.electriceyerock.com/2016/10/renaud-zenith-paris-october-27-2016.html
rhiannon-giddens,Rhiannon Giddens,617211008258441786,https://www.electriceyerock.com/2026/08/album-review-rhiannon-giddens-hope-is.html
rhiannon-giddens,Rhiannon Giddens,9206221106692276338,https://www.electriceyerock.com/2026/05/rhiannon-giddens-in-paris-in-fall.html
rhiannon-giddens,Rhiannon Giddens,1619567883905031094,https://www.electriceyerock.com/2025/04/album-review-rhiannon-giddens-justin.html
rhiannon-giddens,Rhiannon Giddens,5601868476386082780,https://www.electriceyerock.com/2024/02/rhiannon-giddens-maison-des-arts.html
rhiannon-giddens,Rhiannon Giddens,8433241463329456956,https://www.electriceyerock.com/2023/12/december-22nd-2023-best-of-2023.html
rhiannon-giddens,Rhiannon Giddens,4817501583619741782,https://www.electriceyerock.com/2023/06/rhiannon-giddens-announces-european.html
rhiannon-giddens,Rhiannon Giddens,4396464068810919715,https://www.electriceyerock.com/2023/05/listen-to-rhiannon-giddens-new-single.html
rhiannon-giddens,Rhiannon Giddens,5849253261480266950,https://www.electriceyerock.com/2019/12/rhiannon-giddens-francesco-turrisi-cafe.html
rhiannon-giddens,Rhiannon Giddens,2179480178320191860,https://www.electriceyerock.com/2019/02/album-review-our-native-daughters-songs.html
richard-bona-alfredo-rodriguez-trio,Richard Bona/Alfredo Rodriguez Trio,8250808478680218130,https://www.electriceyerock.com/2022/11/richard-bonaalfredo-rodriguez-trio.html
richie-kotzen,Richie Kotzen,6980513241988099372,https://www.electriceyerock.com/2026/02/smithkotzen-le-trianon-paris-february.html
richie-kotzen,Richie Kotzen,4324272061475764831,https://www.electriceyerock.com/2025/06/adrian-smith-richie-kotzen-in-paris.html
richie-kotzen,Richie Kotzen,3381412169032639041,https://www.electriceyerock.com/2025/04/album-review-smithkotzen-black.html
richie-kotzen,Richie Kotzen,6109900464017382529,https://www.electriceyerock.com/2023/10/the-winery-dogs-bataclan-paris-october.html
richie-kotzen,Richie Kotzen,1107178132607246754,https://www.electriceyerock.com/2019/06/richie-kotzen-seine-musicale-boulogne.html
ride,Ride,6213543105162032719,https://www.electriceyerock.com/2025/04/ride-le-trianon-paris-april-22nd-2025.html
ride,Ride,3638596583205067041,https://www.electriceyerock.com/2025/04/ride-returns-to-paris-in-ten-days.html
ride,Ride,7668025732610243377,https://www.electriceyerock.com/2025/01/album-review-andy-bell-pinball-wanderer.html
ride,Ride,4963568173953223428,https://www.electriceyerock.com/2022/12/ride-elyee-montmartre-paris-december.html
ringo-starr,Ringo Starr,313127878301500762,https://www.electriceyerock.com/2025/01/album-review-ringo-starr-look-up.html
ringo-starr,Ringo Starr,7529626689984440245,https://www.electriceyerock.com/2020/11/fridays-playlist-awesome-beatles-cover.html
ringo-starr,Ringo Starr,4884946077021272801,https://www.electriceyerock.com/2020/11/fridays-playlist-awesome-beatles-covers.html
ringo-starr,Ringo Starr,4767992535072974435,https://www.electriceyerock.com/2020/10/fridays-playlist-awesome-beatles-covers.html
rival-sons,Rival Sons,7761706687962876354,https://www.electriceyerock.com/2025/06/jay-buchanan-to-play-solo-show-in-paris.html
rival-sons,Rival Sons,722232391792229874,https://www.electriceyerock.com/2019/02/album-review-rival-sons-feral-roots.html
rival-sons,Rival Sons,6273683431305424056,https://www.electriceyerock.com/2017/02/rival-sons-genting-arena-birmingham-uk.html
rival-sons,Rival Sons,6867183966642460527,https://www.electriceyerock.com/2014/11/rival-sons-trianon-paris-november-11.html
rob-zombie,Rob Zombie,6117499475469635466,https://www.electriceyerock.com/2025/10/rob-zombie-announces-new-album-check.html
rob-zombie,Rob Zombie,3914977595287955056,https://www.electriceyerock.com/2019/06/rob-zombie-bataclan-paris-june-19th-2019.html
robert-jon-burrison,Robert Jon Burrison,6013985480032925363,https://www.electriceyerock.com/2026/03/robert-jon-wreck-return-to-paris-next.html
robert-jon-burrison,Robert Jon Burrison,116750710338480839,https://www.electriceyerock.com/2025/01/robert-jon-wreck-announce-new-album.html
robert-jon-burrison,Robert Jon Burrison,1621359244804023360,https://www.electriceyerock.com/2024/11/a-conversation-with-robert-jon-burrison.html
robert-jon-the-wreck,Robert Jon & the Wreck,3586062407977535116,https://www.electriceyerock.com/2026/04/robert-john-wreck-alhambra-paris-april.html
robert-jon-the-wreck,Robert Jon & the Wreck,6013985480032925363,https://www.electriceyerock.com/2026/03/robert-jon-wreck-return-to-paris-next.html
robert-jon-the-wreck,Robert Jon & the Wreck,116750710338480839,https://www.electriceyerock.com/2025/01/robert-jon-wreck-announce-new-album.html
robert-jon-the-wreck,Robert Jon & the Wreck,7941849849267306490,https://www.electriceyerock.com/2024/11/robert-jon-wreck-release-new-single.html
robert-jon-the-wreck,Robert Jon & the Wreck,1621359244804023360,https://www.electriceyerock.com/2024/11/a-conversation-with-robert-jon-burrison.html
robert-jon-the-wreck,Robert Jon & the Wreck,1370985177515169786,https://www.electriceyerock.com/2024/11/robert-jon-wreck-trabendo-paris.html
robert-jon-the-wreck,Robert Jon & the Wreck,5715477411377379094,https://www.electriceyerock.com/2024/02/robert-jon-wreck-announce-new-tour.html
robert-jon-the-wreck,Robert Jon & the Wreck,3373975800506475660,https://www.electriceyerock.com/2023/03/listen-to-robert-jon-wrecks-new-ep-here.html
robert-jon-the-wreck,Robert Jon & the Wreck,2081912647605774830,https://www.electriceyerock.com/2023/02/robert-jon-wreck-la-maroquinerie-paris.html
robert-jon-the-wreck,Robert Jon & the Wreck,6139762136210137155,https://www.electriceyerock.com/2021/09/robert-jon-wreck-les-etoiles-paris.html
robert-plant,Robert Plant,6600452230994921733,https://www.electriceyerock.com/2025/07/robert-plant-announces-new-album-with.html
robert-plant,Robert Plant,6059989449131638605,https://www.electriceyerock.com/2025/01/watch-trailer-for-new-official-led.html
robert-plant,Robert Plant,6228634709641810803,https://www.electriceyerock.com/2024/06/robert-plant-to-play-paris-in-fall.html
robert-plant,Robert Plant,1216014023814883404,https://www.electriceyerock.com/2018/07/robert-plant-salle-pleyel-paris-july.html
robert-plant,Robert Plant,547039680779921405,https://www.electriceyerock.com/2014/06/robert-plant-sensational-space-shifters.html
robert-plant,Robert Plant,958396269745554809,https://www.electriceyerock.com/2014/06/north-mississippi-allstars-bataclan.html
robin-trower,Robin Trower,3412734612401199469,https://www.electriceyerock.com/2019/03/album-review-robin-trower-coming-closer.html
rock-n-roll-doctors,Rock n' Roll Doctors,8252886892193464166,https://www.electriceyerock.com/2025/03/rock-n-roll-doctors-quartier-general.html
roger-dean,Roger Dean,37726129496199704,https://www.electriceyerock.com/2024/05/roger-dean-artwork-of-yes-salle-pleyel.html
roger-miret,Roger Miret,6130280076053970627,https://www.electriceyerock.com/2026/02/agnostic-front-conversation-with-roger.html
roger-waters,Roger Waters,468752097242933592,https://www.electriceyerock.com/2023/05/roger-waters-accor-arena-paris-may-3rd.html
ronboy,Ronboy,7744790158620951215,https://www.electriceyerock.com/2025/09/matt-berninger-elysee-montmartre-paris.html
ronboy,Ronboy,1487964510972832961,https://www.electriceyerock.com/2025/09/ronboy-elysee-montmartre-paris.html
rook-road,Rook Road,1540520846089045666,https://www.electriceyerock.com/2026/02/rook-road-le-trianon-paris-february.html
ross,Ross,7960268205263671450,https://www.electriceyerock.com/2016/10/skye-ross-from-morcheeba-elysee.html
rotten-sound,Rotten Sound,7998064599870156537,https://www.electriceyerock.com/2025/02/rotten-sound-mondial-du-tatouage-paris.html
royal-blood,Royal Blood,1388763038165282254,https://www.electriceyerock.com/2026/08/royal-blood-announce-new-album-listen.html
royal-blood,Royal Blood,54231955518853052,https://www.electriceyerock.com/2023/05/listen-to-new-royal-blood-single-here.html
royal-blood,Royal Blood,341795797691608547,https://www.electriceyerock.com/2014/12/royal-blood-point-ephemere-paris.html
rozedale,Rozedale,3647130363928688062,https://www.electriceyerock.com/2021/11/rozedale-new-morning-paris-november.html
rufus-wainwright,Rufus Wainwright,2968351732647265138,https://www.electriceyerock.com/2026/03/rufus-wainwright-le-trianon-paris-march.html
rufus-wainwright,Rufus Wainwright,4907926366528248488,https://www.electriceyerock.com/2025/04/rufus-wainwright-to-return-to-paris.html
run-ronie-run,Run Ronie Run,8634511851285315494,https://www.electriceyerock.com/2024/12/run-ronie-run-elysee-montmartre-paris.html
run-ronie-run,Run Ronie Run,3885865571629525118,https://www.electriceyerock.com/2024/03/run-ronie-run-backstage-by-mill-paris.html
runaway-club,Runaway Club,8043816699054917345,https://www.electriceyerock.com/2026/04/runaway-club-alhambra-paris-april-24th.html
ry-cooder,Ry Cooder,1167745509685814469,https://www.electriceyerock.com/2019/03/fridays-playlist-ry-cooder-sessions.html
ry-cooder,Ry Cooder,7183728700432436679,https://www.electriceyerock.com/2019/02/6-questions-with-mark-fain.html
ry-cooder,Ry Cooder,8896466334025707654,https://www.electriceyerock.com/2018/10/ry-cooder-feat-hamiltones-olympia-paris.html
ryan-adams,Ryan Adams,3023619841990523918,https://www.electriceyerock.com/2024/10/ryan-adams-bataclan-paris-october-3rd.html
sadus,Sadus,4503550340238071307,https://www.electriceyerock.com/2024/11/sadus-cabaret-sauvage-paris-november.html
saint-agnes,Saint Agnes,8847729991535694178,https://www.electriceyerock.com/2024/02/saint-agnes-les-etoiles-paris-february.html
saint-vitus,Saint Vitus,4258010137263665439,https://www.electriceyerock.com/2019/05/album-review-saint-vitus-saint-vitus.html
saint-vitus,Saint Vitus,2476085617346995896,https://www.electriceyerock.com/2019/04/saint-vitus-le-petit-bain-paris-april.html
saint-vitus,Saint Vitus,4183701701498254342,https://www.electriceyerock.com/2013/03/saint-vitus-la-maroquinerie-paris-march.html
sammy-hagar,Sammy Hagar,3145649186410457460,https://www.electriceyerock.com/2019/05/album-review-sammy-hagar-circle-space.html
sandra-nkake,Sandra Nkaké,6556568408014668795,https://www.electriceyerock.com/2017/06/sandra-nkake-la-maroquinerie-paris-june.html
sanguisugabogg,Sanguisugabogg,7006976146833008682,https://www.electriceyerock.com/2025/08/sanguisugabogg-to-paint-paris-red-in-on.html
sanguisugabogg,Sanguisugabogg,5443839990180601346,https://www.electriceyerock.com/2024/01/sanguisugabogg-petit-bain-paris-january.html
satchvai-band,Satchvai Band,3978641594581631474,https://www.electriceyerock.com/2025/06/the-satchvai-band-palais-des-congres.html
satchvai-band,Satchvai Band,6688351780588991041,https://www.electriceyerock.com/2025/01/satchvai-band-announce-band-line-up.html
satchvai-band,Satchvai Band,3524861074057531610,https://www.electriceyerock.com/2024/12/satchvai-band-to-play-paris-in-june.html
saucerful-of-secrets,Saucerful of Secrets,953699039614740564,https://www.electriceyerock.com/2022/06/nick-masons-saucerful-of-secrets-le.html
saxon,Saxon,6761206288601186130,https://www.electriceyerock.com/2026/05/saxon-le-zenith-paris-may-17th-2026.html
saxon,Saxon,2720731037302268678,https://www.electriceyerock.com/2026/05/sortilege-le-zenith-paris-may-17th-2026.html
saxon,Saxon,3463737783574612359,https://www.electriceyerock.com/2025/06/saxon-to-play-entire-wheels-of-steel.html
saxon,Saxon,5917716081656827724,https://www.electriceyerock.com/2024/01/listen-to-new-saxon-album-here.html
saxon,Saxon,1871482045224976233,https://www.electriceyerock.com/2023/04/brian-tatler-of-diamond-head-to-replace.html
saxon,Saxon,5886578897819099967,https://www.electriceyerock.com/2023/03/paul-quinn-to-cease-playing-live-with.html
saxon,Saxon,7828597900472878431,https://www.electriceyerock.com/2022/12/saxon-trianon-paris-december-9th-2022.html
saxon,Saxon,8601567141336987278,https://www.electriceyerock.com/2019/09/fridays-playlist-new-wave-of-british.html
saxon,Saxon,1187246599756127249,https://www.electriceyerock.com/2018/10/saxon-bataclan-paris-october-15th-2018.html
saxon,Saxon,3425731535692836192,https://www.electriceyerock.com/2016/11/saxon-le-trianon-paris-november-14th.html
scary-goldings,Scary Goldings,4253062553459285019,https://www.electriceyerock.com/2022/09/scary-goldings-feat-john-scofield.html
scary-pockets,Scary Pockets,6309709787697516621,https://www.electriceyerock.com/2023/11/scary-pockets-elysee-montmartre-paris.html
scary-pockets,Scary Pockets,4253062553459285019,https://www.electriceyerock.com/2022/09/scary-goldings-feat-john-scofield.html
scour,Scour,6514650278473066283,https://www.electriceyerock.com/2026/06/scour-hellfest-clisson-june-21st-2026.html
seal,Seal,4247757016225807454,https://www.electriceyerock.com/2023/09/seal-salle-pleyel-paris-september-19th.html
seasick-steve,Seasick Steve,6474223254171128913,https://www.electriceyerock.com/2014/12/seasick-sick-zebre-de-belleville-paris.html
semblant,Semblant,1906926932432664792,https://www.electriceyerock.com/2025/01/semblant-la-machine-du-moulin-rouge.html
sensational-space-shifters,Sensational Space Shifters,547039680779921405,https://www.electriceyerock.com/2014/06/robert-plant-sensational-space-shifters.html
sepultura,Sepultura,2875126126799512694,https://www.electriceyerock.com/2026/06/sepultura-hellfest-clisson-june-19th.html
sepultura,Sepultura,2702510854733369571,https://www.electriceyerock.com/2025/07/attila-csihar-and-iggor-cavalera-team.html
sepultura,Sepultura,4890680990561064661,https://www.electriceyerock.com/2024/10/sepultura-le-zenith-paris-october-30th.html
shadow-of-intent,Shadow of Intent,6826741685902330564,https://www.electriceyerock.com/2026/03/shadow-of-intent-coming-back-to-paris.html
shadow-of-intent,Shadow of Intent,7122850318289223383,https://www.electriceyerock.com/2026/02/lorna-shore-le-zenith-paris-february.html
shadow-of-intent,Shadow of Intent,925533643887414350,https://www.electriceyerock.com/2026/02/shadow-of-intent-le-zenith-paris.html
shadow-of-intent,Shadow of Intent,2040338046628387578,https://www.electriceyerock.com/2026/02/humanitys-last-breath-le-zenith-paris.html
shakkalo,Shakkalo,8001189626099477363,https://www.electriceyerock.com/2026/05/shakkalo-larchipel-paris-may-20th-2026.html
shakkalo,Shakkalo,7576999321486015556,https://www.electriceyerock.com/2026/05/shakkalo-la-maroquinerie-paris-may-4th.html
shooter-jennings,Shooter Jennings,8593241868697225527,https://www.electriceyerock.com/2019/09/duff-mckagan-shooter-jenning-le.html
shooter-jennings,Shooter Jennings,592334284243970232,https://www.electriceyerock.com/2019/09/shooter-jennings-trabendo-paris.html
shooter-jennings,Shooter Jennings,2958407368482379540,https://www.electriceyerock.com/2019/06/album-review-duff-mckagan-tenderness.html
sigur-ros,Sigur Rós,8320737288114921358,https://www.electriceyerock.com/2019/04/album-review-sigur-ros-22-lunar-halo.html
simon-mcbride,Simon McBride,4883255037824671447,https://www.electriceyerock.com/2025/07/simon-mcbride-le-zenith-paris-july-10th.html
simple-minds,Simple Minds,7289681770077552360,https://www.electriceyerock.com/2024/12/simple-minds-release-new-single-your.html
simple-minds,Simple Minds,8690793191467125810,https://www.electriceyerock.com/2024/04/simple-minds-zenith-paris-april-18th.html
simple-minds,Simple Minds,8844785242118393599,https://www.electriceyerock.com/2023/11/simple-minds-new-gold-dream-live-from.html
simple-minds,Simple Minds,7684874170929927555,https://www.electriceyerock.com/2022/05/simple-minds-la-seine-musicale-boulogne.html
simple-plan,Simple Plan,4805434841715920754,https://www.electriceyerock.com/2026/08/simple-plan-capital-one-city-parks.html
simple-plan,Simple Plan,8920245158921729825,https://www.electriceyerock.com/2024/01/simple-plan-bataclan-paris-january-18th.html
simply-red,Simply Red,8876036123474321226,https://www.electriceyerock.com/2024/10/simply-red-to-return-to-paris-next-year.html
simply-red,Simply Red,9050480564742566919,https://www.electriceyerock.com/2022/11/simply-red-le-zenith-paris-november-6th.html
six-feet-under,Six Feet Under,9166800051099508061,https://www.electriceyerock.com/2026/06/six-feet-under-hellfest-clisson-june.html
skunk-anansie,Skunk Anansie,8655796508493972819,https://www.electriceyerock.com/2026/05/garbage-le-zenith-paris-may-25th-2026.html
skunk-anansie,Skunk Anansie,5154569846033004642,https://www.electriceyerock.com/2026/05/skunk-anansie-le-zenith-paris-may-25th.html
skunk-anansie,Skunk Anansie,8209209496730363200,https://www.electriceyerock.com/2026/05/grove-le-zenith-paris-may-25th-2026.html
skunk-anansie,Skunk Anansie,467799280343597649,https://www.electriceyerock.com/2026/01/garbage-and-skunk-anansie-in-paris-in.html
skunk-anansie,Skunk Anansie,4556172395225343012,https://www.electriceyerock.com/2025/02/skunk-anansie-announce-new-album.html
skunk-anansie,Skunk Anansie,1708897253288623392,https://www.electriceyerock.com/2025/01/listen-artist-is-artist-to-new-single.html
skynd,Skynd,671767642800541207,https://www.electriceyerock.com/2026/04/skynd-la-machine-du-moulin-rouge-paris.html
skynd,Skynd,1476683822092715016,https://www.electriceyerock.com/2026/04/parfum-noir-la-machine-du-moulin-rouge.html
skynd,Skynd,293224054782444096,https://www.electriceyerock.com/2025/08/skynds-to-slay-paris-on-upcoming-murder.html
slash,Slash,3094638451486709593,https://www.electriceyerock.com/2026/07/guns-n-roses-accor-arena-paris-july-3rd.html
slash,Slash,5367608758581641729,https://www.electriceyerock.com/2026/07/guns-n-roses-accor-arena-paris-july-1st.html
slash,Slash,5809950114632544809,https://www.electriceyerock.com/2025/12/guns-n-roses-debuts-new-songs.html
slash,Slash,4036872359144224631,https://www.electriceyerock.com/2025/11/guns-n-roses-confirmed-for-two-nights.html
slash,Slash,8096002449346238699,https://www.electriceyerock.com/2025/03/the-new-guns-n-roses-drummer-is.html
slash,Slash,5911897871866914886,https://www.electriceyerock.com/2025/03/frank-ferrer-leaves-guns-n-roses.html
slash,Slash,5345421111066808879,https://www.electriceyerock.com/2025/02/black-sabbath-reunites-again.html
slash,Slash,8645067505329569502,https://www.electriceyerock.com/2024/04/slash-feat-myles-kennedy-conspirators.html
slash,Slash,3308888044538779920,https://www.electriceyerock.com/2023/10/slash-feat-myles-kennedy-conspirators.html
slash,Slash,8975452058455823741,https://www.electriceyerock.com/2023/07/check-out-demi-lovatos-rock-version-of.html
slash,Slash,1353161037545135283,https://www.electriceyerock.com/2023/07/guns-n-roses-la-defense-arena-nanterre.html
slash,Slash,5591790331342668727,https://www.electriceyerock.com/2023/07/check-out-slashs-contribution-to-barbie.html
slash,Slash,1968544455034986398,https://www.electriceyerock.com/2023/06/guns-n-roses-unearth-bunch-of-rarities.html
slash,Slash,9187717512217792694,https://www.electriceyerock.com/2023/04/slash-leaves-guns-n-roses-tour-to-go.html
slash,Slash,5933559069260935671,https://www.electriceyerock.com/2023/03/slash-billy-gibbons-chuck-leavell.html
slash,Slash,7391956371572155902,https://www.electriceyerock.com/2023/02/guns-n-roses-announce-paris-date-for.html
slash,Slash,478890040675061692,https://www.electriceyerock.com/2020/01/fridays-playlist-slash-sessions.html
slash,Slash,3068052794068919228,https://www.electriceyerock.com/2019/02/slash-feat-myles-kennedy-conspirators.html
slash,Slash,3977085606551960666,https://www.electriceyerock.com/2018/06/guns-n-roses-stade-atlantique-bordeaux.html
slash,Slash,8472647389343679710,https://www.electriceyerock.com/2018/06/guns-n-roses-download-paris-june-18th.html
slash,Slash,1428002177371234943,https://www.electriceyerock.com/2017/07/guns-n-roses-stade-de-france-st-denis.html
slash,Slash,2309681460263700270,https://www.electriceyerock.com/2016/08/guns-n-roses-qualcomm-stadium-san-diego.html
slipknot,Slipknot,2109114861817773335,https://www.electriceyerock.com/2024/12/slipknot-accor-arena-paris-december.html
smashing-pumpkins,Smashing Pumpkins,5326050843248486078,https://www.electriceyerock.com/2026/05/billy-corgan-brings-orchestral-version.html
smashing-pumpkins,Smashing Pumpkins,2607117859684887665,https://www.electriceyerock.com/2025/01/the-smashing-pumkins-billy-morgan-is.html
smashing-pumpkins,Smashing Pumpkins,5983384587635291070,https://www.electriceyerock.com/2024/06/the-smashing-pumpkins-accor-arena-paris.html
smith-kotzen,Smith/Kotzen,6980513241988099372,https://www.electriceyerock.com/2026/02/smithkotzen-le-trianon-paris-february.html
smith-kotzen,Smith/Kotzen,3381412169032639041,https://www.electriceyerock.com/2025/04/album-review-smithkotzen-black.html
snow-patrol,Snow Patrol,5216158996832263860,https://www.electriceyerock.com/2025/01/snow-patrol-olympia-paris-january-30th.html
social-distortion,Social Distortion,1190063648764580446,https://www.electriceyerock.com/2023/06/mike-ness-diagnosed-with-stage-one.html
social-distortion,Social Distortion,302281547519125947,https://www.electriceyerock.com/2022/06/social-distortion-elysee-montmartre.html
social-distortion,Social Distortion,7909047564460051209,https://www.electriceyerock.com/2015/04/social-distortion-bataclen-paris-april.html
soilwork,Soilwork,583890166967519023,https://www.electriceyerock.com/2024/10/soilwork-zenith-paris-october-8th-2024.html
solace,Solace,1236032165753589625,https://www.electriceyerock.com/2026/05/solace-la-maroquinerie-paris-may-7th.html
soledad-brothers,Soledad Brothers,5633078248620373137,https://www.electriceyerock.com/2026/07/the-soledad-brothers-petit-bain-paris.html
soledad-brothers,Soledad Brothers,3821025316444327158,https://www.electriceyerock.com/2026/07/las-robertas-petit-bain-paris-july-28th.html
soledad-brothers,Soledad Brothers,2267591400446005056,https://www.electriceyerock.com/2026/07/the-soledad-brothers-return-for.html
solence,Solence,7740568340959390674,https://www.electriceyerock.com/2026/05/solence-la-maroquinerie-paris-may-6th.html
solence,Solence,8073185676126399494,https://www.electriceyerock.com/2026/05/dream-state-la-maroquinerie-paris-may.html
solence,Solence,5155238821122138644,https://www.electriceyerock.com/2026/05/written-by-wolves-la-maroquinerie-paris.html
songhoy-blues,Songhoy Blues,1501305695121582929,https://www.electriceyerock.com/2017/06/songhoy-blues-la-maroquinerie-paris.html
sonny-landreth,Sonny Landreth,4488577314972148020,https://www.electriceyerock.com/2018/07/john-hiatt-gones-feat-sonny-landreth.html
sortilege,Sortilège,6761206288601186130,https://www.electriceyerock.com/2026/05/saxon-le-zenith-paris-may-17th-2026.html
sortilege,Sortilège,2720731037302268678,https://www.electriceyerock.com/2026/05/sortilege-le-zenith-paris-may-17th-2026.html
sortilege,Sortilège,3463737783574612359,https://www.electriceyerock.com/2025/06/saxon-to-play-entire-wheels-of-steel.html
soul,Soul,3563979976210265059,https://www.electriceyerock.com/2026/05/fridays-playlist-change-is-gonna-come.html
soul,Soul,1774357647680434185,https://www.electriceyerock.com/2019/05/album-review-little-steven-disciples-of.html
soul,Soul,9137332108222921138,https://www.electriceyerock.com/2017/06/little-steven-disciples-of-soul-la.html
southern-rock,Southern Rock,4051530562892602291,https://www.electriceyerock.com/2025/01/southern-rock-sister-duo-larkin-poe.html
southern-rock,Southern Rock,4505518906705641971,https://www.electriceyerock.com/2020/09/fridays-playlist-southern-rock-epics.html
southside-johnny,Southside Johnny,3986522359406602275,https://www.electriceyerock.com/2025/01/southside-johnny-has-retired-from.html
southside-johnny,Southside Johnny,4571836268795178092,https://www.electriceyerock.com/2024/07/southside-johnny-la-cigale-paris-july.html
sparks,Sparks,4992112942617838312,https://www.electriceyerock.com/2026/08/watch-sparks-rock-en-seine-2026-set.html
sparks,Sparks,1990071812697989870,https://www.electriceyerock.com/2026/08/the-first-live-album-by-sparks-is-here.html
sparks,Sparks,4728586209145020703,https://www.electriceyerock.com/2026/06/sparks-to-release-live-album-on-august.html
sparks,Sparks,6106580409643228693,https://www.electriceyerock.com/2026/04/rock-en-seines-full-line-up-revealed.html
sparks,Sparks,3682990117707258946,https://www.electriceyerock.com/2025/10/listen-to-madder-sparks-first-ever-ep.html
sparks,Sparks,1105820905426424553,https://www.electriceyerock.com/2025/06/sparks-salle-pleyel-paris-june-30th-2025.html
sparks,Sparks,7171048929493550285,https://www.electriceyerock.com/2025/05/sparks-in-store-appearance-at-fnac-des.html
sparks,Sparks,4450861304364711389,https://www.electriceyerock.com/2025/05/album-review-sparks-mad.html
sparks,Sparks,9057740819895615856,https://www.electriceyerock.com/2025/05/sparks-in-paris-exclusive-in-store-meet.html
sparks,Sparks,9212820107173365955,https://www.electriceyerock.com/2025/01/sparks-announce-new-album-and-paris.html
sparks,Sparks,9175932468505243993,https://www.electriceyerock.com/2023/06/sparks-le-grand-rex-paris-june-13th-2023.html
sparks,Sparks,4597438529517757284,https://www.electriceyerock.com/2023/05/listen-to-sparks-new-album-girl-is.html
sparks,Sparks,8785114390780571673,https://www.electriceyerock.com/2023/03/listen-to-sparks-new-song-here.html
sparks,Sparks,5180464951490004401,https://www.electriceyerock.com/2022/04/sparks-casino-de-paris-april-19th-2022.html
sparks,Sparks,2936049856022765427,https://www.electriceyerock.com/2017/10/sparks-la-gaite-lyrique-paris-october.html
spiders,Spiders,192755812255193050,https://www.electriceyerock.com/2014/05/bloor-ceremony-batofar-paris-may-7-2014.html
spiders,Spiders,1799478818508834830,https://www.electriceyerock.com/2014/05/spiders-batofar-paris-may-7-2014.html
spiritual-beggars,Spiritual Beggars,1411312733353485993,https://www.electriceyerock.com/2016/04/spiritual-beggars-backstage-by-mill.html
spiritualized,Spiritualized,8070468360482005058,https://www.electriceyerock.com/2023/06/spiritualized-gaite-lyrique-paris-june.html
spite-house,Spite House,5896029198791647475,https://www.electriceyerock.com/2026/02/spite-house-la-maroquinerie-paris.html
split-dogs,Split Dogs,7306422338914868853,https://www.electriceyerock.com/2025/10/split-dogs-le-trianon-paris-october.html
spoon,Spoon,8838157005544928473,https://www.electriceyerock.com/2019/08/spoon-forest-hills-stadium-new-york-usa.html
stanley-clarke,Stanley Clarke,6462224717822718747,https://www.electriceyerock.com/2019/04/stanley-clarke-la-seine-musicale.html
stanley-clarke,Stanley Clarke,5526710174405907803,https://www.electriceyerock.com/2016/11/stanley-clarke-le-trianon-paris.html
staples-jr-singers,Staples Jr. Singers,154654069650475047,https://www.electriceyerock.com/2023/01/staples-jr-singers-la-maroquinerie.html
starsailor,Starsailor,3371686919106903513,https://www.electriceyerock.com/2025/10/starsailor-trabendo-paris-october-8th.html
starsailor,Starsailor,7970037456850458617,https://www.electriceyerock.com/2025/10/blot-trabendo-paris-october-8th-2025.html
starsailor,Starsailor,3544850039344262824,https://www.electriceyerock.com/2025/05/starsailor-return-to-paris-this-fall.html
steel-panther,Steel Panther,2201676816952452194,https://www.electriceyerock.com/2025/12/steel-panther-returns-to-bataclan-in.html
steel-panther,Steel Panther,9168623031116733311,https://www.electriceyerock.com/2023/02/listen-to-steel-panthers-new-record-here.html
steel-panther,Steel Panther,6630788861358676613,https://www.electriceyerock.com/2019/02/steel-panther-bataclan-paris-february.html
stereophonics,Stereophonics,7011108406091090145,https://www.electriceyerock.com/2025/10/stereophonics-cancel-tour-after-kelly.html
stereophonics,Stereophonics,964648608704473986,https://www.electriceyerock.com/2025/04/stereophonics-le-zenith-paris-april.html
stereophonics,Stereophonics,7083155018759266740,https://www.electriceyerock.com/2025/04/album-review-stereophonics-make-em.html
stereophonics,Stereophonics,11011152456389078,https://www.electriceyerock.com/2025/04/stereophonics-to-return-to-paris-at-end.html
steve-hackett,Steve Hackett,6424740744677579566,https://www.electriceyerock.com/2026/08/watch-hackett-rotherys-red-dragon-and.html
steve-hackett,Steve Hackett,268550696156353460,https://www.electriceyerock.com/2026/05/steve-hackett-salle-pleyel-paris-may.html
steve-hackett,Steve Hackett,4567713664391688575,https://www.electriceyerock.com/2025/09/steve-hackett-returns-to-paris-with.html
steve-hackett,Steve Hackett,640002488673059996,https://www.electriceyerock.com/2025/03/the-musical-box-bataclan-paris-march.html
steve-hackett,Steve Hackett,3962581836767957724,https://www.electriceyerock.com/2025/01/steve-hackett-to-release-new-live-album.html
steve-hackett,Steve Hackett,576540177836696617,https://www.electriceyerock.com/2025/01/the-musical-box-to-recreate-iconic.html
steve-hackett,Steve Hackett,1191809305308786969,https://www.electriceyerock.com/2023/11/new-steve-hackett-album-on-way.html
steve-hackett,Steve Hackett,2986559290279888674,https://www.electriceyerock.com/2023/04/steve-hackett-genesis-revisited-la.html
steve-hackett,Steve Hackett,7833926848915439862,https://www.electriceyerock.com/2021/11/steve-hackett-genesis-revisited-salle.html
steve-vai,Steve Vai,2264143435206971623,https://www.electriceyerock.com/2026/08/a-different-beat-terry-bozzio-steps-in.html
steve-vai,Steve Vai,2999330462767137869,https://www.electriceyerock.com/2026/06/beat-olympia-paris-june-10th-2026.html
steve-vai,Steve Vai,5527864408487983336,https://www.electriceyerock.com/2025/12/beat-coming-to-paris-to-play-1980s-king.html
steve-vai,Steve Vai,6688351780588991041,https://www.electriceyerock.com/2025/01/satchvai-band-announce-band-line-up.html
steve-vai,Steve Vai,3524861074057531610,https://www.electriceyerock.com/2024/12/satchvai-band-to-play-paris-in-june.html
steve-vai,Steve Vai,5248723782043069241,https://www.electriceyerock.com/2022/06/steve-vai-trianon-paris-june-13th-2022.html
stiff-little-fingers,Stiff Little Fingers,7805940440734867430,https://www.electriceyerock.com/2014/11/stiff-little-fingers-batofar-paris.html
stoned-jesus,Stoned Jesus,8685296987584619839,https://www.electriceyerock.com/2026/06/stoned-jesus-hellfest-clisson-june-19th.html
stoned-jesus,Stoned Jesus,657893690400452693,https://www.electriceyerock.com/2026/02/prog-and-stoner-metal-night-at-la.html
stratovarius,Stratovarius,3584828553973909413,https://www.electriceyerock.com/2024/06/stratovarius-le-zenith-paris-june-19th.html
stray-cats,Stray Cats,6694588705687969107,https://www.electriceyerock.com/2019/05/album-review-straycats-40.html
stream-of-passion,Stream of Passion,3865862052775394339,https://www.electriceyerock.com/2015/04/stream-of-passion-divan-du-monde-paris.html
suede,Suede,4996627853424825754,https://www.electriceyerock.com/2026/03/suede-olympia-paris-march-16th-2026.html
suede,Suede,8706946527603877703,https://www.electriceyerock.com/2026/03/swim-school-olympia-paris-march-16th.html
suede,Suede,4573684711798739333,https://www.electriceyerock.com/2025/09/suede-returns-to-paris-next-year-update.html
suffocation,Suffocation,891767457380904822,https://www.electriceyerock.com/2025/03/catching-up-with-suffocation.html
suffocation,Suffocation,3679372925349122105,https://www.electriceyerock.com/2025/03/suffocation-glazart-paris-march-7th-2025.html
suffocation,Suffocation,729252293515863738,https://www.electriceyerock.com/2025/01/suffocation-returns-to-paris-in-march.html
suffocation,Suffocation,8516309543507457940,https://www.electriceyerock.com/2024/06/suffocation-la-gaite-lyrique-paris-june.html
suffocation,Suffocation,4721961661219449034,https://www.electriceyerock.com/2024/06/an-interview-with-suffocation.html
suffocation,Suffocation,7482153151242345190,https://www.electriceyerock.com/2024/01/suffocation-petit-bain-paris-january.html
suffocation,Suffocation,5333770517659696450,https://www.electriceyerock.com/2023/11/check-out-suffocations-new-record-here.html
suffocation,Suffocation,8743592201649610626,https://www.electriceyerock.com/2022/08/suffocation-backstage-by-mill-paris.html
sugar,Sugar,1341413658388034014,https://www.electriceyerock.com/2026/06/sugar-elysee-montmartre-paris-june-13th.html
sugar,Sugar,3774282890303639249,https://www.electriceyerock.com/2026/06/j-robbins-elysee-montmartre-paris-june.html
sugar,Sugar,6465381608625299887,https://www.electriceyerock.com/2026/01/bob-mould-and-sugar-expand-reunion-tour.html
suicidal-angels,Suicidal Angels,1906697199949705462,https://www.electriceyerock.com/2025/12/suicidal-angels-la-machine-du-moulin.html
suicidal-angels,Suicidal Angels,4897045809107723542,https://www.electriceyerock.com/2025/08/morbidfest-2025-brings-extreme-metal.html
sunflower-bean,Sunflower Bean,7802553375958303736,https://www.electriceyerock.com/2026/05/julia-cumming-larchipel-paris-may-20th.html
sunflower-bean,Sunflower Bean,1043110886731197805,https://www.electriceyerock.com/2026/02/julia-cumming-releases-first-solo-track.html
sunflower-bean,Sunflower Bean,5221759904557253190,https://www.electriceyerock.com/2025/04/album-review-sunflower-bean-mortal.html
sunflower-bean,Sunflower Bean,96908962661245396,https://www.electriceyerock.com/2025/02/sunflower-bean-le-zenith-paris-february.html
sungazer,Sungazer,3808883342449994448,https://www.electriceyerock.com/2026/05/sungazer-le-trianon-paris-may-19th-2026.html
sunn-o,Sunn O))),7534436520114419088,https://www.electriceyerock.com/2026/02/sunn-o-releases-new-track.html
sunn-o,Sunn O))),6998322534042490195,https://www.electriceyerock.com/2024/04/sunn-o-elysee-montmartre-paris-april.html
sunn-o,Sunn O))),1515779563452975004,https://www.electriceyerock.com/2019/05/sunn-o-has-always-tried-limits-of.html
supergrass,Supergrass,5170863794660222473,https://www.electriceyerock.com/2020/02/supergrass-casino-de-paris-paris.html
swim-school,Swim School,8706946527603877703,https://www.electriceyerock.com/2026/03/swim-school-olympia-paris-march-16th.html
sylvaine,Sylvaine,6215417841055031184,https://www.electriceyerock.com/2025/10/sylvaine-conversation-with-kathrine.html
sylvaine,Sylvaine,2733971865712198569,https://www.electriceyerock.com/2025/10/sylvaine-le-forum-vaureal-october-3rd.html
sylvaine,Sylvaine,6433712633918924101,https://www.electriceyerock.com/2025/06/sylvaine-returns-to-paris-area-in.html
sylvaine,Sylvaine,3054404812360724483,https://www.electriceyerock.com/2025/05/sylvaine-les-etoiles-paris-may-29th-2025.html
sylvaine,Sylvaine,7243743152530732953,https://www.electriceyerock.com/2025/05/sylvaine-to-play-solo-show-in-paris.html
sylvaine,Sylvaine,5183160429486920935,https://www.electriceyerock.com/2022/02/our-first-gig-of-2022.html
symphony-x,Symphony X,2436357801122185416,https://www.electriceyerock.com/2024/09/symphony-x-la-machine-du-moulin-rouge.html
t-bone-burnett,T Bone Burnett,5887033653664016924,https://www.electriceyerock.com/2025/01/bid-for-bob-rare-dylan-artifacts-for.html
t-bone-burnett,T Bone Burnett,313127878301500762,https://www.electriceyerock.com/2025/01/album-review-ringo-starr-look-up.html
t-bone-burnett,T Bone Burnett,5704849304192694541,https://www.electriceyerock.com/2019/04/album-review-t-bone-burnett-jay.html
taipei-houston,Taipei Houston,8353327748833197178,https://www.electriceyerock.com/2023/06/taipei-houston-trabendo-paris-june-8th.html
taipei-houston,Taipei Houston,7208599603401364277,https://www.electriceyerock.com/2023/04/taipei-houston-trabendo-paris-april.html
taj-mahal,Taj Mahal,7694146401260249927,https://www.electriceyerock.com/2025/05/album-review-taj-mahal-keb-mo-room-on.html
tarja-turunen,Tarja Turunen,8614416253253173993,https://www.electriceyerock.com/2023/02/tarja-turunen-la-cigale-paris-february.html
teddy-swims,Teddy Swims,4202752226140505228,https://www.electriceyerock.com/2025/02/teddy-swims-le-zenith-paris-february.html
teddy-swims,Teddy Swims,5968962804904948573,https://www.electriceyerock.com/2025/01/album-review-teddy-swims-ive-tried.html
teddy-swims,Teddy Swims,3386356795327145709,https://www.electriceyerock.com/2025/01/teddy-swims-to-release-ive-tried.html
teddy-swims,Teddy Swims,2119804581019565450,https://www.electriceyerock.com/2024/11/teddy-swims-salle-pleyel-paris-november.html
tedeschi-trucks-band,Tedeschi/Trucks Band,2471069285749120360,https://www.electriceyerock.com/2026/01/tedeschi-trucks-band-announce-new-album.html
tedeschi-trucks-band,Tedeschi/Trucks Band,8755579825414555311,https://www.electriceyerock.com/2022/11/tedeschitrucks-band-bataclan-paris.html
tedeschi-trucks-band,Tedeschi/Trucks Band,8876658492775263539,https://www.electriceyerock.com/2019/04/the-tedeschitrucks-band-olympia-paris.html
tedeschi-trucks-band,Tedeschi/Trucks Band,3475658369409330452,https://www.electriceyerock.com/2019/02/album-review-tedeschi-trucks-band-signs.html
tedeschi-trucks-band,Tedeschi/Trucks Band,6054245387503935230,https://www.electriceyerock.com/2014/04/the-tedeschitrucks-band-olympia-paris.html
tedeschi-trucks-band,Tedeschi/Trucks Band,2699010209187252021,https://www.electriceyerock.com/2014/04/jonny-lang-olympia-paris-april-28-2014_28.html
telephone,Téléphone,179794993485324831,https://www.electriceyerock.com/2023/06/telephones-louis-bertignac-to-sit-in.html
telephone,Téléphone,5932667059502062101,https://www.electriceyerock.com/2016/11/les-insus-telephone-le-zenith-paris.html
temperance-movement,Temperance Movement,6352371429075692934,https://www.electriceyerock.com/2025/03/the-temperance-movement-alhambra-paris.html
tenacious-d,Tenacious D,3877864030485558671,https://www.electriceyerock.com/2023/10/tenacious-d-is-coming-back-to-europe.html
tenacious-d,Tenacious D,2173025724197498512,https://www.electriceyerock.com/2023/05/check-out-video-games-new-song-by.html
tenacious-d,Tenacious D,6133750213327561533,https://www.electriceyerock.com/2020/02/tenacious-d-zenith-paris-february-26th.html
tentative,Tentative,980926108585054929,https://www.electriceyerock.com/2025/11/tentative-accor-arena-paris-november.html
terrorizer,Terrorizer,2259634672137121543,https://www.electriceyerock.com/2025/12/terrorizer-la-machine-du-moulin-rouge.html
terrorizer,Terrorizer,6171744279621653866,https://www.electriceyerock.com/2025/11/an-interview-with-david-vincent-of.html
terrorizer,Terrorizer,4897045809107723542,https://www.electriceyerock.com/2025/08/morbidfest-2025-brings-extreme-metal.html
tesla,Tesla,8495010016527463374,https://www.electriceyerock.com/2019/03/album-review-tesla-shock.html
tesseract,Tesseract,3561518864365135887,https://www.electriceyerock.com/2026/06/tesseract-hellfest-clisson-june-19th.html
the-aristocrats,The Aristocrats,2204308076465679238,https://www.electriceyerock.com/2026/06/the-aristocrats-la-cigale-paris-june.html
the-black-crowes,The Black Crowes,6823056972002277299,https://www.electriceyerock.com/2026/03/album-review-black-crowes-pound-of.html
the-black-crowes,The Black Crowes,5004250667873934647,https://www.electriceyerock.com/2026/01/the-black-crowes-announce-new-album.html
the-black-crowes,The Black Crowes,15336516498469168,https://www.electriceyerock.com/2024/01/the-black-crowes-back-on-road-in-2024.html
the-black-crowes,The Black Crowes,2638765477241409728,https://www.electriceyerock.com/2024/01/black-crowes-to-release-new-album-in.html
the-black-crowes,The Black Crowes,1018165460876365389,https://www.electriceyerock.com/2023/03/listen-to-black-crowes-shake-your-money.html
the-black-crowes,The Black Crowes,2702471101531903336,https://www.electriceyerock.com/2022/10/the-black-crowes-olympia-paris-october.html
the-blackbyrds,The Blackbyrds,8660127677325078247,https://www.electriceyerock.com/2026/07/the-blackbyrds-new-morning-paris-july.html
the-bros-landreth,The Bros. Landreth,517748591183420375,https://www.electriceyerock.com/2026/02/the-bros-landreth-la-maroquinerie-paris.html
the-bros-landreth,The Bros. Landreth,8559496570432014778,https://www.electriceyerock.com/2026/02/begonia-la-maroquinerie-paris-february.html
the-circle,The Circle,3145649186410457460,https://www.electriceyerock.com/2019/05/album-review-sammy-hagar-circle-space.html
the-cryptic-corporation,The Cryptic Corporation,5944770597819557352,https://www.electriceyerock.com/2019/02/5-questions-with-bubba-hodges-from.html
the-cult,The Cult,5419945975003712174,https://www.electriceyerock.com/2016/08/the-cult-qualcomm-stadium-san-diego.html
the-cure,The Cure,767292237971023065,https://www.electriceyerock.com/2026/08/watch-cures-rock-en-seine-headlining.html
the-cure,The Cure,6106580409643228693,https://www.electriceyerock.com/2026/04/rock-en-seines-full-line-up-revealed.html
the-cure,The Cure,275247997385217969,https://www.electriceyerock.com/2024/12/listen-to-cures-new-live-album-here.html
the-cure,The Cure,8048348713770637190,https://www.electriceyerock.com/2024/11/the-cures-songs-of-lost-world-has.html
the-cure,The Cure,2614436053595599186,https://www.electriceyerock.com/2024/09/the-wait-is-over-cure-release-their-new.html
the-cure,The Cure,7339863773953356606,https://www.electriceyerock.com/2024/04/the-cure-and-morrissey-to-play.html
the-cure,The Cure,4439551914000439519,https://www.electriceyerock.com/2023/03/the-cure-ticket-prices-shitstorm.html
the-cure,The Cure,6059779702761238901,https://www.electriceyerock.com/2023/03/is-new-cure-album-imminent.html
the-cure,The Cure,4007238671433430963,https://www.electriceyerock.com/2022/12/fridays-playlist-concerts-of-2022.html
the-cure,The Cure,4147626765116290163,https://www.electriceyerock.com/2022/11/the-cure-accor-arena-paris-november.html
the-damned,The Damned,952266493007969607,https://www.electriceyerock.com/2026/02/the-damned-bataclan-paris-february-1st.html
the-damned,The Damned,3319750432760755622,https://www.electriceyerock.com/2025/11/the-danes-to-smash-it-up-in-paris-in.html
the-damned,The Damned,8603912031917985328,https://www.electriceyerock.com/2024/12/the-damned-elysee-montmartre-paris.html
the-damned,The Damned,4893126221059390937,https://www.electriceyerock.com/2024/06/the-damned-to-play-paris-in-december.html
the-damned,The Damned,4726062782575478575,https://www.electriceyerock.com/2023/03/listen-to-new-single-by-damned-here.html
the-damned,The Damned,8004641375720694456,https://www.electriceyerock.com/2023/03/the-damned-cabaret-sauvage-paris-march.html
the-darkness,The Darkness,1914000794431129949,https://www.electriceyerock.com/2024/12/the-darkness-share-new-single-i-hate.html
the-darkness,The Darkness,6610556952982304665,https://www.electriceyerock.com/2023/03/the-darkness-announce-permission-to.html
the-darkness,The Darkness,7269864230478358237,https://www.electriceyerock.com/2020/01/the-darkness-la-cigale-paris-january.html
the-datsuns,The Datsuns,4925736368000643898,https://www.electriceyerock.com/2026/07/the-datsuns-la-maroquinerie-paris-july.html
the-datsuns,The Datsuns,5324647690246208344,https://www.electriceyerock.com/2026/07/public-house-la-maroquinerie-paris-july.html
the-datsuns,The Datsuns,4428168779810900438,https://www.electriceyerock.com/2026/06/the-datsuns-return-to-paris-in-july.html
the-destroyers,The Destroyers,3920511383150695095,https://www.electriceyerock.com/2026/06/george-thorogood-destroyers-bataclan.html
the-destroyers,The Destroyers,4627394721491411036,https://www.electriceyerock.com/2026/05/george-thorogood-in-paris.html
the-dip,The Dip,3041545264433965704,https://www.electriceyerock.com/2026/06/the-dip-la-bellevilloise-paris-june-5th.html
the-dip,The Dip,7382771587095643143,https://www.electriceyerock.com/2026/06/tiwayo-la-bellevilloise-paris-june-5th.html
the-dsm-iv,The DSM IV,8822634048387386910,https://www.electriceyerock.com/2025/06/the-dsm-iv-les-etoiles-paris-june-17th.html
the-exploited,The Exploited,7981969817769719044,https://www.electriceyerock.com/2023/10/the-exploited-bataclan-paris-october.html
the-flower-kings,The Flower Kings,6725275822246093280,https://www.electriceyerock.com/2026/08/the-flower-kings-announce-new-album.html
the-flower-kings,The Flower Kings,305693298007253680,https://www.electriceyerock.com/2025/06/neal-morse-resonance-le-trianon-paris.html
the-flower-kings,The Flower Kings,678497388417762243,https://www.electriceyerock.com/2025/06/the-flower-kings-le-trianon-paris-june.html
the-funeral-portrait,The Funeral Portrait,6277517991509917026,https://www.electriceyerock.com/2025/11/the-funeral-portrait-la-cigale-paris.html
the-herons,The Herons,8818751471611966719,https://www.electriceyerock.com/2026/05/the-herons-hasard-ludique-paris-may.html
the-hot-damn,The Hot Damn!,5749448752454885869,https://www.electriceyerock.com/2025/12/the-hot-damn-backstage-by-mill-paris.html
the-lemonheads,The Lemonheads,6325919426915859302,https://www.electriceyerock.com/2025/09/the-lemonheads-cafe-de-la-danse-paris.html
the-lumineers,The Lumineers,1052263388570635133,https://www.electriceyerock.com/2025/05/the-lumineers-adidas-arena-paris-may.html
the-melvins,The Melvins,1237771212742348520,https://www.electriceyerock.com/2023/06/the-melvins-trabendo-paris-june-8th-2023.html
the-mentors,The Mentors,5069427939937286326,https://www.electriceyerock.com/2023/12/the-mentors-le-klub-paris-december-12th.html
the-musical-box,The Musical Box,640002488673059996,https://www.electriceyerock.com/2025/03/the-musical-box-bataclan-paris-march.html
the-national,The National,7744790158620951215,https://www.electriceyerock.com/2025/09/matt-berninger-elysee-montmartre-paris.html
the-national,The National,4823458277577775558,https://www.electriceyerock.com/2024/06/the-national-le-zenith-paris-june-5th.html
the-pineapple-thief,The Pineapple Thief,1742617576512338186,https://www.electriceyerock.com/2024/02/the-pineapple-thief-elysee-montmartre.html
the-pineapple-thief,The Pineapple Thief,125777320512367989,https://www.electriceyerock.com/2023/11/the-pineapple-thief-returns-to-paris-in.html
the-pineapple-thief,The Pineapple Thief,5751257022307079855,https://www.electriceyerock.com/2021/10/pineapple-thief-elysee-montmartre-paris.html
the-pixies,The Pixies,6379233620449477881,https://www.electriceyerock.com/2024/03/pixies-olympia-paris-march-27th-2024.html
the-pixies,The Pixies,2603652188889632347,https://www.electriceyerock.com/2023/06/the-pixies-to-return-to-paris-for-three.html
the-pixies,The Pixies,7660409720664891464,https://www.electriceyerock.com/2023/03/watch-livestream-of-pixies-paris.html
the-pixies,The Pixies,7370373257934382715,https://www.electriceyerock.com/2023/03/the-pixies-olympia-paris-march-15th-2023.html
the-posies,The Posies,2390295236461404911,https://www.electriceyerock.com/2019/02/5-questions-with-ken-stringfellow-of.html
the-posies,The Posies,3805993242878470631,https://www.electriceyerock.com/2016/04/the-posies-point-ephemere-paris-april_8.html
the-prodigy,The Prodigy,2170209734979276702,https://www.electriceyerock.com/2023/12/the-prodigy-olympia-paris-december-10th.html
the-quireboys,The Quireboys,417414423975896245,https://www.electriceyerock.com/2019/04/album-review-quireboys-amazing-disgrace.html
the-rasmus,The Rasmus,3265604596894226210,https://www.electriceyerock.com/2025/11/the-rasmus-la-cigale-paris-november.html
the-rasmus,The Rasmus,9073648904455449282,https://www.electriceyerock.com/2025/02/the-rasmus-will-tear-roof-off-la-cigale.html
the-residents,The Residents,509511554275907600,https://www.electriceyerock.com/2025/01/album-review-residents-doctor-dark.html
the-residents,The Residents,5944770597819557352,https://www.electriceyerock.com/2019/02/5-questions-with-bubba-hodges-from.html
the-residents,The Residents,6870027453443692247,https://www.electriceyerock.com/2019/02/the-residents-la-gaite-lyrique-paris.html
the-resonance,The Resonance,305693298007253680,https://www.electriceyerock.com/2025/06/neal-morse-resonance-le-trianon-paris.html
the-rolling-stones,The Rolling Stones,8590369735103407303,https://www.electriceyerock.com/2026/05/ronnie-wood-at-olympia-with-imelda-may.html
the-rolling-stones,The Rolling Stones,4309324364434171160,https://www.electriceyerock.com/2026/05/the-rolling-stones-officially-share-new.html
the-rolling-stones,The Rolling Stones,2666661690857094083,https://www.electriceyerock.com/2026/04/the-cockroaches-release-new-track-rough.html
the-rolling-stones,The Rolling Stones,7558133497062109430,https://www.electriceyerock.com/2025/12/the-rolling-stones-reportedly-scrap.html
the-rolling-stones,The Rolling Stones,1086008325895842813,https://www.electriceyerock.com/2025/08/are-rolling-stones-gearing-up-for-new.html
the-rolling-stones,The Rolling Stones,1738723838711188752,https://www.electriceyerock.com/2025/01/the-rolling-stones-scrap-eu-summer-tour.html
the-rolling-stones,The Rolling Stones,8223495461643906193,https://www.electriceyerock.com/2025/01/these-are-rumored-tour-dates-for.html
the-rolling-stones,The Rolling Stones,5627431620676614447,https://www.electriceyerock.com/2023/10/listen-to-hackney-diamonds-new-album-by.html
the-rolling-stones,The Rolling Stones,4321952298866913964,https://www.electriceyerock.com/2023/08/make-darryl-jones-official-member-of.html
the-rolling-stones,The Rolling Stones,6647862838901601406,https://www.electriceyerock.com/2023/08/the-rolling-stones-tease-new-album.html
the-rolling-stones,The Rolling Stones,7070074082066512931,https://www.electriceyerock.com/2023/06/charlie-watts-anthology-to-be-released.html
the-rolling-stones,The Rolling Stones,2110651209243501294,https://www.electriceyerock.com/2022/12/the-best-of-2022.html
the-rolling-stones,The Rolling Stones,4971213261583950940,https://www.electriceyerock.com/2022/07/the-rolling-stones-hippodrome-de.html
the-rolling-stones,The Rolling Stones,7903372985649273231,https://www.electriceyerock.com/2022/06/brown-sugar-no-more.html
the-rolling-stones,The Rolling Stones,2820594598458635066,https://www.electriceyerock.com/2022/06/the-rolling-stones-kick-off-their-sixty.html
the-rolling-stones,The Rolling Stones,3868111500034444520,https://www.electriceyerock.com/2021/10/listen-to-lost-rolling-stones-song.html
the-rolling-stones,The Rolling Stones,352112205585716231,https://www.electriceyerock.com/2021/08/rhythm-in-peace-charlie-watts.html
the-rolling-stones,The Rolling Stones,138781247809978800,https://www.electriceyerock.com/2019/08/fridays-playlist-children-of-stones.html
the-rolling-stones,The Rolling Stones,5118046192480205642,https://www.electriceyerock.com/2019/04/the-rolling-stones-have-cancelled-their.html
the-rolling-stones,The Rolling Stones,461484123954871059,https://www.electriceyerock.com/2017/10/rolling-stones-u-arena-nanterre-october_25.html
the-rolling-stones,The Rolling Stones,5699155883436583836,https://www.electriceyerock.com/2017/10/rolling-stones-u-arena-nanterre-october_22.html
the-rolling-stones,The Rolling Stones,7600704829710541376,https://www.electriceyerock.com/2017/10/rolling-stones-u-arena-nanterre-october.html
the-rolling-stones,The Rolling Stones,6738311452493419943,https://www.electriceyerock.com/2016/12/rolling-stones-exhibitionism-industrie.html
the-rolling-stones,The Rolling Stones,189464433969378974,https://www.electriceyerock.com/2014/06/rolling-stones-stade-de-france-saint.html
the-sheepdogs,The Sheepdogs,8875210586288810942,https://www.electriceyerock.com/2026/01/album-review-sheepdogs-keep-out-of-storm.html
the-sheepdogs,The Sheepdogs,5098931424072120591,https://www.electriceyerock.com/2025/11/the-sheepdogs-return-to-paris-next-year.html
the-sheepdogs,The Sheepdogs,1741500482528981785,https://www.electriceyerock.com/2024/11/a-conversation-with-ewan-currie-of.html
the-sheepdogs,The Sheepdogs,396836948261662320,https://www.electriceyerock.com/2024/11/the-sheepdogs-badaboum-paris-november.html
the-sheepdogs,The Sheepdogs,6721524756972944959,https://www.electriceyerock.com/2023/10/the-sheepdogs-olympia-paris-october.html
the-sheepdogs,The Sheepdogs,6107628260953951164,https://www.electriceyerock.com/2022/12/check-out-brooks-bowskills-first-single.html
the-sheepdogs,The Sheepdogs,7386825068849865225,https://www.electriceyerock.com/2022/06/the-sheepdogs-la-maroquinerie-paris.html
the-sheepdogs,The Sheepdogs,8684474788530987392,https://www.electriceyerock.com/2019/06/the-sheepdogs-point-ephemere-paris-june.html
the-sirens,The Sirens,208785750481655776,https://www.electriceyerock.com/2014/12/next-up-sirens-divan-du-monde.html
the-sophs,The Sophs,2524058292330178407,https://www.electriceyerock.com/2026/05/the-sophs-la-maroquinerie-paris-may-4th.html
the-sophs,The Sophs,7576999321486015556,https://www.electriceyerock.com/2026/05/shakkalo-la-maroquinerie-paris-may-4th.html
the-subways,The Subways,6260710461089796181,https://www.electriceyerock.com/2025/11/the-subways-la-maroquinerie-paris.html
the-subways,The Subways,9044947215425705366,https://www.electriceyerock.com/2025/04/the-subways-to-celebrate-20-years-with.html
the-subways,The Subways,7310013483654516437,https://www.electriceyerock.com/2023/12/the-subways-petit-bain-paris-december.html
the-vaccines,The Vaccines,7336315896815173168,https://www.electriceyerock.com/2026/04/the-vaccines-bataclan-paris-april-21st.html
the-vaccines,The Vaccines,4719799020412306310,https://www.electriceyerock.com/2026/04/gans-bataclan-paris-april-21st-2026.html
the-waterboys,the Waterboys,8796237749218271191,https://www.electriceyerock.com/2025/04/album-review-waterboys-life-death-and.html
the-waterboys,the Waterboys,7601677727177867776,https://www.electriceyerock.com/2019/05/album-review-waterboys-where-action-is.html
the-weeknd,The Weeknd,1350193846040158945,https://www.electriceyerock.com/2025/01/album-review-weeknd-hurry-up-tomorrow.html
the-who,The Who,7317617811454782659,https://www.electriceyerock.com/2026/05/the-who-share-you-better-you-bet-live.html
the-who,The Who,4014940056428996040,https://www.electriceyerock.com/2025/05/sigh-zak-is-out-of-who-again.html
the-who,The Who,4116663699447675599,https://www.electriceyerock.com/2025/04/zaks-back.html
the-who,The Who,6778507636949637902,https://www.electriceyerock.com/2025/04/the-who-reportedly-sack-zak.html
the-who,The Who,4876874756519699693,https://www.electriceyerock.com/2023/06/the-who-la-defense-arena-nanterre-june.html
the-who,The Who,4367211122345869577,https://www.electriceyerock.com/2023/06/the-whos-european-tour-starts-tonight.html
the-who,The Who,179794993485324831,https://www.electriceyerock.com/2023/06/telephones-louis-bertignac-to-sit-in.html
the-who,The Who,5869483103084612217,https://www.electriceyerock.com/2023/06/the-who-is-returning-to-paris-in-three.html
the-who,The Who,1761584397891764987,https://www.electriceyerock.com/2023/03/listen-to-whos-new-orchestral-version.html
the-who,The Who,6535179216099033514,https://www.electriceyerock.com/2023/03/hear-cant-outrun-truth-new-single-by.html
the-who,The Who,2098402118768040579,https://www.electriceyerock.com/2023/03/pete-townshend-to-release-first-solo.html
the-who,The Who,5491913680070058092,https://www.electriceyerock.com/2015/06/the-who-le-zenith-paris-june-30-2015.html
therapy,Therapy?,2396912765593023630,https://www.electriceyerock.com/2024/12/therapy-petit-bain-paris-december-10th.html
therapy,Therapy?,7437532859863256352,https://www.electriceyerock.com/2024/02/therapy-announces-troublegum-30th.html
therapy,Therapy?,2287590307092480502,https://www.electriceyerock.com/2023/05/listen-to-therapys-new-album-hard-cold.html
therapy,Therapy?,862785187395921694,https://www.electriceyerock.com/2023/03/listen-to-therapys-new-song-here.html
therapy,Therapy?,6566596584849475020,https://www.electriceyerock.com/2022/05/therapy-la-boule-noire-paris-may-4th.html
therapy,Therapy?,2303056862064571504,https://www.electriceyerock.com/2019/02/andy-cairns-from-therapy-checks-in.html
therapy,Therapy?,5555022776457705772,https://www.electriceyerock.com/2019/02/therapy-la-maroquinerie-paris-february.html
therion,Therion,8725672993146284878,https://www.electriceyerock.com/2024/02/therion-la-machine-paris-february-25th.html
these-new-puritans,These New Puritans,871134586309669385,https://www.electriceyerock.com/2019/03/album-review-these-new-puritans-inside.html
thirty-seconds-to-mars,Thirty Seconds To Mars,4077739879641511258,https://www.electriceyerock.com/2024/05/thirty-seconds-to-mars-accor-arena.html
thomas-guerlet,Thomas Guerlet,2878213792068069832,https://www.electriceyerock.com/2022/03/thomas-guerlet-la-maroquinerie-paris.html
tift-merritt,Tift Merritt,5514035593089756112,https://www.electriceyerock.com/2017/11/tift-merritt-cafe-de-la-danse-paris.html
tiwayo,Tiwayo,7382771587095643143,https://www.electriceyerock.com/2026/06/tiwayo-la-bellevilloise-paris-june-5th.html
tokyo-blade,Tokyo Blade,6409269926824189105,https://www.electriceyerock.com/2025/01/album-review-tokyo-blade-time-is-fire.html
tom-morello,Tom Morello,5345421111066808879,https://www.electriceyerock.com/2025/02/black-sabbath-reunites-again.html
tom-morello,Tom Morello,7256174837246364853,https://www.electriceyerock.com/2024/06/tom-morello-accor-arena-paris-june-16th.html
tom-petty,Tom Petty,94522337144271037,https://www.electriceyerock.com/2025/03/stream-lost-tom-petty-film.html
tom-petty,Tom Petty,2606464944899579426,https://www.electriceyerock.com/2012/06/tom-petty-grand-rex-paris-june-27th-2012.html
tommy-emmanuel,Tommy Emmanuel,3101121915876826359,https://www.electriceyerock.com/2024/01/tommy-emmanuel-olympia-paris-january.html
toots-the-maytals,Toots & the Maytals,2712619244980338729,https://www.electriceyerock.com/2020/09/rip-frederick-nathaniel-toots-hibbert.html
toots-the-maytals,Toots & the Maytals,5222027499920851328,https://www.electriceyerock.com/2018/10/toots-maytals-lolympia-paris-october.html
tori-amos,Tori Amos,3753362637579049533,https://www.electriceyerock.com/2026/04/tori-amos-olympia-paris-april-28th-2026.html
toto,Toto,4792317011323756214,https://www.electriceyerock.com/2025/01/toto-to-return-to-paris-with.html
toto,Toto,5515148429134391015,https://www.electriceyerock.com/2023/11/toto-to-play-paris-next-summer.html
toto,Toto,3304797490155395438,https://www.electriceyerock.com/2015/05/toto-le-zenith-paris-may-27-2015.html
tower-of-power,Tower of Power,135877799508894438,https://www.electriceyerock.com/2019/05/tower-of-power-la-cigale-paris-may-21st.html
trail-of-dead,Trail of Dead,5360407954457463889,https://www.electriceyerock.com/2019/02/5-questions-with-autry-fulbright-ii-of.html
trail-of-dead,Trail of Dead,3827561989088036957,https://www.electriceyerock.com/2019/01/and-you-will-know-us-by-trail-of-dead.html
transatlantic,Transatlantic,4134233029190929704,https://www.electriceyerock.com/2023/02/listen-to-transatlantics-new-live-album.html
transatlantic,Transatlantic,5348409370546222016,https://www.electriceyerock.com/2022/07/transatlantic-lolympia-paris-july-28th.html
tremonti,Tremonti,3977462189974100497,https://www.electriceyerock.com/2025/02/tremonti-alhambra-paris-february-16th.html
tremonti,Tremonti,7945373347917762117,https://www.electriceyerock.com/2025/01/album-review-tremonti-end-will-show-us.html
tremonti,Tremonti,9117204615076826719,https://www.electriceyerock.com/2022/11/alter-bridge-palais-des-sports-paris.html
trio,Trio,5234475963389878611,https://www.electriceyerock.com/2026/03/fred-wesley-generations-trio-new.html
trio,Trio,3672398215585424523,https://www.electriceyerock.com/2026/03/a-conversation-with-fred-wesley-video.html
trivax,Trivax,8059962880210138618,https://www.electriceyerock.com/2025/12/trivax-backstage-by-mill-paris-december.html
trivax,Trivax,1163451702371373593,https://www.electriceyerock.com/2025/09/absu-on-tour-to-celebrate-30-years-of.html
trivium,Trivium,7936257074836491714,https://www.electriceyerock.com/2026/08/in-flames-trivium-join-forces-for.html
trivium,Trivium,4155133538388144257,https://www.electriceyerock.com/2025/01/bullet-for-my-valentine-and-trivium-to.html
trivium,Trivium,3722575939697885601,https://www.electriceyerock.com/2023/02/trivium-olympia-paris-february-1st-2023.html
trixie-whitley,Trixie Whitley,7949244520803817669,https://www.electriceyerock.com/2019/04/album-review-trixie-whitley-lacuna.html
trust,Trust,5812296869669900489,https://www.electriceyerock.com/2022/10/trust-olympia-paris-october-19th-2022.html
trust,Trust,3313804065219623977,https://www.electriceyerock.com/2017/11/trust-elysee-montmartre-paris-november.html
ty-segall,Ty Segall,8665536615605938893,https://www.electriceyerock.com/2019/03/album-review-ty-segall-freedom-band.html
tyler-bryant,Tyler Bryant,6110362185132413252,https://www.electriceyerock.com/2025/01/album-review-larkin-poe-bloom.html
tyler-bryant,Tyler Bryant,4101827250088541744,https://www.electriceyerock.com/2025/01/larkin-poe-to-return-to-paris-in.html
tyler-bryant,Tyler Bryant,2109045308051098665,https://www.electriceyerock.com/2023/03/listen-to-new-ep-by-tyler-bryant-and.html
tyler-bryant,Tyler Bryant,7447942750666479244,https://www.electriceyerock.com/2019/06/govt-mule-la-cigale-paris-june-4th-2019.html
tyler-bryant,Tyler Bryant,3878999508751011115,https://www.electriceyerock.com/2017/07/tyler-bryant-shakedown-stade-de-france.html
u2,U2,6325930552038064912,https://www.electriceyerock.com/2021/11/listen-to-u2s-new-song-here.html
u2,U2,7579014282487467525,https://www.electriceyerock.com/2017/07/u2-stade-de-france-st-denis-july-26th.html
uncle-acid-and-the-deadbeats,Uncle Acid and the Deadbeats,4243243810146613459,https://www.electriceyerock.com/2026/06/uncle-acid-and-deadbeats-hellfest.html
uncle-acid-and-the-deadbeats,Uncle Acid and the Deadbeats,95078631046937549,https://www.electriceyerock.com/2025/01/uncle-acid-and-deadbeats-alhambra-paris.html
unsane,Unsane,3706131440547074854,https://www.electriceyerock.com/2026/04/unsane-petit-bain-paris-april-4th-2026.html
uriah-heep,Uriah Heep,955945727115433257,https://www.electriceyerock.com/2026/08/ex-acdc-drummer-chris-slade-retires.html
uriah-heep,Uriah Heep,4871614088574468308,https://www.electriceyerock.com/2026/04/uriah-heep-returns-to-paris-in-fall.html
uriah-heep,Uriah Heep,4255695183800734264,https://www.electriceyerock.com/2023/06/elegant-weapons-alhambra-paris-june.html
uriah-heep,Uriah Heep,8836857827712231243,https://www.electriceyerock.com/2023/01/listen-to-uriah-heeps-new-album-here.html
uriah-heep,Uriah Heep,6179733245503248515,https://www.electriceyerock.com/2022/10/uriah-heep-olympia-paris-october-16th.html
uriah-heep,Uriah Heep,1429636807267963176,https://www.electriceyerock.com/2019/01/uriah-heep-la-cigale-paris-january-22nd.html
varukers,Varukers,5310330220034938391,https://www.electriceyerock.com/2026/01/varukers-tattoo-planetarium-paris.html
veronica-swift,Veronica Swift,1586784386998165280,https://www.electriceyerock.com/2026/07/veronica-swift-new-morning-paris-july.html
video,Video,3124541008960499514,https://www.electriceyerock.com/2026/08/floor-jansen-releases-new-video-tour.html
video,Video,3119127713851500652,https://www.electriceyerock.com/2026/08/queens-of-stone-age-reveal-new-album-in.html
video,Video,5964845062172455760,https://www.electriceyerock.com/2026/08/check-out-new-anthrax-video-here.html
video,Video,2359534297631016539,https://www.electriceyerock.com/2026/06/hellfest-tribute-to-ozzy-osbourne-video.html
video,Video,3672398215585424523,https://www.electriceyerock.com/2026/03/a-conversation-with-fred-wesley-video.html
video,Video,1344115650770811268,https://www.electriceyerock.com/2026/03/new-place-to-bury-strangers-single-and.html
video,Video,6130280076053970627,https://www.electriceyerock.com/2026/02/agnostic-front-conversation-with-roger.html
video,Video,4805287868420286253,https://www.electriceyerock.com/2025/12/massive-wagons-conversation-with-barry.html
video,Video,8697992859196451400,https://www.electriceyerock.com/2025/12/absu-30-years-of-sun-of-tiphareth.html
video,Video,1192072344279455854,https://www.electriceyerock.com/2025/10/a-conversation-with-eugene-hutz-of.html
video,Video,6117499475469635466,https://www.electriceyerock.com/2025/10/rob-zombie-announces-new-album-check.html
video,Video,1535403539868523599,https://www.electriceyerock.com/2025/10/ash-share-video-for-ad-astra-feat.html
video,Video,8618064553531156167,https://www.electriceyerock.com/2025/01/check-out-demon-radio-video-by.html
video,Video,1621359244804023360,https://www.electriceyerock.com/2024/11/a-conversation-with-robert-jon-burrison.html
video,Video,6791410201906520068,https://www.electriceyerock.com/2024/11/an-interview-with-fantastic-negrito.html
vinnie-stigma,Vinnie Stigma,6130280076053970627,https://www.electriceyerock.com/2026/02/agnostic-front-conversation-with-roger.html
vintage-caravan,Vintage Caravan,2163811188679366865,https://www.electriceyerock.com/2025/09/the-vintage-caravan-petit-bain-paris.html
vintage-caravan,Vintage Caravan,5633464773304468861,https://www.electriceyerock.com/2025/05/the-vintage-caravan-rolls-through-paris.html
vintage-trouble,Vintage Trouble,4443742465215946180,https://www.electriceyerock.com/2015/05/vintage-trouble-stade-de-france-st.html
virginmarys,Virginmarys,1756571681555834249,https://www.electriceyerock.com/2025/12/the-virginmarys-backstage-by-mill-paris.html
vltimas,VLTIMAS,6171744279621653866,https://www.electriceyerock.com/2025/11/an-interview-with-david-vincent-of.html
vomitory,Vomitory,6356534180630724918,https://www.electriceyerock.com/2026/04/hypocrisy-la-machine-du-moulin-rouge.html
vomitory,Vomitory,6288040060233094991,https://www.electriceyerock.com/2026/04/abbath-la-machine-du-moulin-rouge-paris.html
vomitory,Vomitory,1296251141646051149,https://www.electriceyerock.com/2026/04/vomitory-la-machine-du-moulin-rouge.html
vomitory,Vomitory,5084575298048159186,https://www.electriceyerock.com/2025/10/hypocrisy-abbath-vomitory-and-vreid.html
vorskaath,Vorskaath,8697992859196451400,https://www.electriceyerock.com/2025/12/absu-30-years-of-sun-of-tiphareth.html
vorskaath,Vorskaath,6377247503591080765,https://www.electriceyerock.com/2025/12/absu-backstage-by-mill-paris-december.html
w-a-f-p,W.A.F.P.,2984808427202524265,https://www.electriceyerock.com/2025/03/wafp-quartier-general-oberkampf-paris.html
w-a-s-p,W.A.S.P.,3469800381023921396,https://www.electriceyerock.com/2025/06/wasp-le-forum-vaureal-june-10th-2025.html
w-a-s-p,W.A.S.P.,2984808427202524265,https://www.electriceyerock.com/2025/03/wafp-quartier-general-oberkampf-paris.html
w-a-s-p,W.A.S.P.,7185121611844300956,https://www.electriceyerock.com/2024/12/w.html
w-a-s-p,W.A.S.P.,7926973378583288561,https://www.electriceyerock.com/2017/10/wasp-elysee-montmartre-paris-october.html
walter-trout,Walter Trout,4436509390834159803,https://www.electriceyerock.com/2024/04/walter-trout-alhambra-paris-april-30th.html
walter-trout,Walter Trout,4682825929832214059,https://www.electriceyerock.com/2023/06/walter-trout-cafe-de-la-danse-paris.html
walter-trout,Walter Trout,6525015088382394746,https://www.electriceyerock.com/2019/05/walter-trout-la-cigale-paris-may-26th.html
walter-trout,Walter Trout,6688035926209359646,https://www.electriceyerock.com/2019/02/album-review-walter-trout-survivor-blues.html
warbringer,Warbringer,8947770292664048526,https://www.electriceyerock.com/2025/06/warbringer-la-machine-du-moulin-rouge.html
wargasm,Wargasm,3362193983174062138,https://www.electriceyerock.com/2026/06/wargasm-nouveau-casino-paris-june-7th.html
wargasm,Wargasm,3964454616000733615,https://www.electriceyerock.com/2026/06/mimi-barks-nouveau-casino-paris-june.html
wargasm,Wargasm,2542164659318268165,https://www.electriceyerock.com/2026/01/wargasm-le-zenith-paris-january-18th.html
wargasm,Wargasm,5675141894710873804,https://www.electriceyerock.com/2024/11/we-got-moves-electric-callboy-to-turn.html
warren-haynes,Warren Haynes,9132053675050017991,https://www.electriceyerock.com/2025/07/warren-haynes-la-cigale-paris-july-8th.html
warren-haynes,Warren Haynes,4403718647023411205,https://www.electriceyerock.com/2025/05/warren-haynes-to-play-solo-show-in.html
warren-haynes,Warren Haynes,6672300345679873802,https://www.electriceyerock.com/2023/11/govt-mule-trianon-paris-november-11th.html
warren-haynes,Warren Haynes,3978821112345452318,https://www.electriceyerock.com/2023/06/govt-mule-announces-new-tour.html
warren-haynes,Warren Haynes,5811992726850794193,https://www.electriceyerock.com/2023/04/listen-to-new-govt-mule-single-and-pre.html
warren-haynes,Warren Haynes,5933559069260935671,https://www.electriceyerock.com/2023/03/slash-billy-gibbons-chuck-leavell.html
warren-haynes,Warren Haynes,7447942750666479244,https://www.electriceyerock.com/2019/06/govt-mule-la-cigale-paris-june-4th-2019.html
warren-haynes,Warren Haynes,842379005049820687,https://www.electriceyerock.com/2017/10/govt-mule-le-trianon-paris-october-30th.html
warren-haynes,Warren Haynes,6552731648461486696,https://www.electriceyerock.com/2015/05/govt-mule-la-cigale-paris-may-5-2015.html
we-came-as-romans,We Came As Romans,1191393304973412059,https://www.electriceyerock.com/2026/06/we-came-as-romans-hellfest-clisson-june.html
weezer,Weezer,5828897150056424345,https://www.electriceyerock.com/2026/08/weezer-returns-to-paris-in-2027.html
weezer,Weezer,8636462224121425009,https://www.electriceyerock.com/2019/03/album-review-weezer-weezer-black.html
west-side-story,West Side Story,8435051789721387893,https://www.electriceyerock.com/2023/12/west-side-story-theatre-du-chatelet.html
whatmore,Whatmore,1722054346673829083,https://www.electriceyerock.com/2026/05/whatmore-announces-paris-return.html
whatmore,Whatmore,4463408003436594363,https://www.electriceyerock.com/2026/05/whatmore-bataclan-paris-may-13th-2026.html
whiplash,Whiplash,1969525538088714658,https://www.electriceyerock.com/2026/01/whiplash-tattoo-planetarium-paris.html
whitechapel,Whitechapel,7122850318289223383,https://www.electriceyerock.com/2026/02/lorna-shore-le-zenith-paris-february.html
whitechapel,Whitechapel,8892613140435302132,https://www.electriceyerock.com/2026/02/whitechapel-le-zenith-paris-february.html
whitechapel,Whitechapel,925533643887414350,https://www.electriceyerock.com/2026/02/shadow-of-intent-le-zenith-paris.html
whitechapel,Whitechapel,2040338046628387578,https://www.electriceyerock.com/2026/02/humanitys-last-breath-le-zenith-paris.html
whitechapel,Whitechapel,9096230453741630867,https://www.electriceyerock.com/2025/11/lorna-shore-headlining-ultimate.html
whitechapel,Whitechapel,568450624034831926,https://www.electriceyerock.com/2025/05/whitechapel-and-northland-to-co.html
whitesnake,Whitesnake,7270558162310791053,https://www.electriceyerock.com/2025/11/fare-thee-well-mr-coverdale.html
whitesnake,Whitesnake,7222916313010048448,https://www.electriceyerock.com/2020/08/fridays-mondays-playlist-mixing-desk.html
whitesnake,Whitesnake,3650360871563364505,https://www.electriceyerock.com/2019/05/album-review-whitesnake-flesh-blood.html
whitesnake,Whitesnake,6723108011197804601,https://www.electriceyerock.com/2016/07/whitesnake-olympia-paris-july-19th-2016.html
wilco,Wilco,6106580409643228693,https://www.electriceyerock.com/2026/04/rock-en-seines-full-line-up-revealed.html
wilco,Wilco,7327006856375945885,https://www.electriceyerock.com/2025/07/jeff-tweedy-brings-new-triple-album.html
wilco,Wilco,4164807753787051955,https://www.electriceyerock.com/2023/09/the-new-wilco-record-is-here.html
wilco,Wilco,7407471343929664398,https://www.electriceyerock.com/2019/09/wilco-le-trianon-paris-september-22nd.html
wilco,Wilco,1199240275850032097,https://www.electriceyerock.com/2016/11/wilco-casino-de-paris-paris-well-duh.html
wildhearts,Wildhearts,8280876693990233978,https://www.electriceyerock.com/2019/10/the-wildhearts-o-sullivans-backstage-by.html
wildhearts,Wildhearts,3547654057648432326,https://www.electriceyerock.com/2019/05/album-review-wildhearts-renaissance-men.html
winery-dogs,Winery Dogs,6109900464017382529,https://www.electriceyerock.com/2023/10/the-winery-dogs-bataclan-paris-october.html
winter,Winter,8588533215645410829,https://www.electriceyerock.com/2024/02/winter-trabendo-paris-february-24th-2024.html
wisdom-in-chains,Wisdom In Chains,4902827288473666526,https://www.electriceyerock.com/2026/02/wisdom-in-chains-le-forum-vaureal.html
wishbone-ash,Wishbone Ash,7336096841359565282,https://www.electriceyerock.com/2025/01/wishbone-ash-cancels-tour-dates-as-andy.html
wishbone-ash,Wishbone Ash,6211402681344897177,https://www.electriceyerock.com/2014/04/wishbone-ash-divan-du-monde-paris-april.html
witch-club-satan,Witch Club Satan,8311910162617965400,https://www.electriceyerock.com/2026/03/witch-club-satan-le-zenith-paris-march.html
witch-post,Witch Post,157172446105997324,https://www.electriceyerock.com/2026/05/witch-post-hasard-ludique-paris-may.html
witch-post,Witch Post,8818751471611966719,https://www.electriceyerock.com/2026/05/the-herons-hasard-ludique-paris-may.html
written-by-wolves,Written By Wolves,5155238821122138644,https://www.electriceyerock.com/2026/05/written-by-wolves-la-maroquinerie-paris.html
wu-tang-clan,Wu-Tang Clan,1483096049335788607,https://www.electriceyerock.com/2026/03/wu-tang-clan-accor-arena-paris-march.html
wu-tang-clan,Wu-Tang Clan,3075953455690355891,https://www.electriceyerock.com/2025/10/wu-tang-clan-to-play-paris-on-their.html
wu-tang-clan,Wu-Tang Clan,6920285089983876321,https://www.electriceyerock.com/2019/05/wu-tang-clan-accorhotels-arena-paris.html
wynchester,Wynchester,3977813432769374209,https://www.electriceyerock.com/2020/02/winchester-zenith-paris-february-26th.html
yes,Yes,602191231262732942,https://www.electriceyerock.com/2026/01/yes-returns-to-paris-to-play-fragile-in.html
yes,Yes,1587432380776789311,https://www.electriceyerock.com/2024/05/yes-salle-pleyel-paris-may-20th-2024.html
yes,Yes,37726129496199704,https://www.electriceyerock.com/2024/05/roger-dean-artwork-of-yes-salle-pleyel.html
yngwie-malmsteen,Yngwie Malmsteen,8321185556870236789,https://www.electriceyerock.com/2019/03/album-review-yngwie-malmsteen-blue.html
yu,Yü,1541612420026768427,https://www.electriceyerock.com/2026/03/yu-bataclan-paris-march-20th-2026.html
zeal-and-ardor,Zeal and Ardor,6237841168689306416,https://www.electriceyerock.com/2019/03/album-review-zeal-ardor-live-in-london.html
zeal-and-ardor,Zeal and Ardor,8785593433083274146,https://www.electriceyerock.com/2018/12/zeal-and-ardour-la-cigale-paris.html
zemial,Zemial,8697992859196451400,https://www.electriceyerock.com/2025/12/absu-30-years-of-sun-of-tiphareth.html
zemial,Zemial,6377247503591080765,https://www.electriceyerock.com/2025/12/absu-backstage-by-mill-paris-december.html
zemial,Zemial,1163451702371373593,https://www.electriceyerock.com/2025/09/absu-on-tour-to-celebrate-30-years-of.html
zia-victoria,Zia Victoria,7228409406927010441,https://www.electriceyerock.com/2023/09/zia-victoria-salle-pleyel-paris.html
zz-top,ZZ Top,6325116386435382454,https://www.electriceyerock.com/2026/08/rip-frank-beard.html
zz-top,ZZ Top,5768453776545043092,https://www.electriceyerock.com/2019/06/zz-top-la-seine-musicale-boulogne-june.html
